ID,Name,Reference,Image,Category,Base price,Final price,Quantity,Status
770,"COPY專用 (純階梯)(Non-MPU,Non-M4)",,http://direct.nuvoton.com/img/p/0.jpg,首頁,0,0,0,0
1167,NAU88L24IG,NAU88L24IG,http://direct.nuvoton.com/img/p/0.jpg,Audio,1.98,1.98,0,0
516,NK-M482LED,NK-M482LED,http://direct.nuvoton.com/img/p/0.jpg,首頁,20,20,5,0
798,"COPY專用 (純階梯)(MPU,M4)",,http://direct.nuvoton.com/img/p/0.jpg,首頁,0,0,0,0
773,"COPY專用 (純階梯)(Non-MPU,Non-M4)",,http://direct.nuvoton.com/img/p/0.jpg,首頁,0,0,0,0
655,M058LBN,,http://direct.nuvoton.com/img/p/0.jpg,Arm Cortex-M0,2.23,2.23,1000,0
605,W79E659A40FL,,http://direct.nuvoton.com/img/p/0.jpg,8bit 8051 MCUs,5.93,5.93,0,0
492,ISD17240PYI,I17240PYI,http://direct.nuvoton.com/img/p/0.jpg,Audio,11.73,11.73,0,0
776,"COPY專用 (純階梯)(Non-MPU,Non-M4)",,http://direct.nuvoton.com/img/p/0.jpg,首頁,0,0,0,0
577,W83977EG-AW,,http://direct.nuvoton.com/img/p/0.jpg,首頁,3.68,3.68,0,0
513,Product for JEE KIM,,http://direct.nuvoton.com/img/p/0.jpg,首頁,116,116,0,0
609,Training Video: ADC (Q),,http://direct.nuvoton.com/img/p/0.jpg,首頁,19,19,100,0
768,"COPY專用 (純階梯)(Non-MPU,Non-M4)",,http://direct.nuvoton.com/img/p/0.jpg,首頁,0,0,0,0
562,NL-ISD94124A,,http://direct.nuvoton.com/img/p/0.jpg,首頁,30,30,17,0
771,"COPY專用 (純階梯)(Non-MPU,Non-M4)",,http://direct.nuvoton.com/img/p/0.jpg,首頁,0,0,0,0
799,6260,,http://direct.nuvoton.com/img/p/0.jpg,首頁,7199.04,7199.04,0,0
471,NANO102ZC2AN,,http://direct.nuvoton.com/img/p/0.jpg,Arm Cortex-M0,2.43,2.43,0,0
213,N76E003AQ20,,http://direct.nuvoton.com/img/p/0.jpg,8bit 8051 MCUs,0.86,0.86,0,0
774,"COPY專用 (純階梯)(Non-MPU,Non-M4)",,http://direct.nuvoton.com/img/p/0.jpg,首頁,0,0,0,0
441,Test Produc123456789,,http://direct.nuvoton.com/img/p/0.jpg,首頁,199,199,100,0
510,21212121212,21212121,http://direct.nuvoton.com/img/p/0.jpg,首頁,0,0,10000,0
742,"COPY專用 (純階梯)(Non-MPU,Non-M4)",,http://direct.nuvoton.com/img/p/0.jpg,首頁,0,0,0,0
667,NAU83G10VG,,http://direct.nuvoton.com/img/p/0.jpg,Audio,2.24,2.24,0,0
466,M4TKVG6AE,,http://direct.nuvoton.com/img/p/0.jpg,NuMicro® Family,2.944,2.94,0,0
1016,MG51XC9AE (DEL),MG51XC9AE,http://direct.nuvoton.com/img/p/0.jpg,首頁,0,0,0,0
808,TEST0630,,http://direct.nuvoton.com/img/p/0.jpg,首頁,100,100,1,0
777,"COPY專用 (純階梯)(Non-MPU,Non-M4)",,http://direct.nuvoton.com/img/p/0.jpg,首頁,0,0,0,0
1188,NCT6796D,NCT6796D,http://direct.nuvoton.com/img/p/0.jpg,IoT Security,1.35,1.35,0,0
642,NAU88C22YG,,http://direct.nuvoton.com/img/p/0.jpg,首頁,1.5,1.5,0,0
610,Training Video: PWM (Q),,http://direct.nuvoton.com/img/p/0.jpg,首頁,19,19,100,0
769,"COPY專用 (純階梯)(Non-MPU,Non-M4)",,http://direct.nuvoton.com/img/p/0.jpg,首頁,0,0,0,0
772,"COPY專用 (純階梯)(Non-MPU,Non-M4)",,http://direct.nuvoton.com/img/p/0.jpg,首頁,0,0,0,0
654,NUC976DK61Y,,http://direct.nuvoton.com/img/p/0.jpg,MPU,8.46,8.46,90,0
604,MS51FB9AE  (x2000 Bundle),,http://direct.nuvoton.com/img/p/0.jpg,NuMicro® Family,1104,1104,1,0
997,KA44171A-VB(T),,http://direct.nuvoton.com/img/p/0.jpg,Analog ICs,0.54,0.54,0,0
1014,MG51FC9AE (DEL),MG51FC9AE,http://direct.nuvoton.com/img/p/0.jpg,首頁,0.75,0.75,0,0
543,M451RG6AE,,http://direct.nuvoton.com/img/p/0.jpg,Arm Cortex-M4,2.544,2.54,0,0
806,MS51FB9AE (June),,http://direct.nuvoton.com/img/p/0.jpg,NuMicro® Family,1.47,1.47,0,0
705,COPY專用,,http://direct.nuvoton.com/img/p/0.jpg,首頁,0,0,0,0
494,Test20190329,,http://direct.nuvoton.com/img/p/0.jpg,首頁,0,0,0,0
775,"COPY專用 (純階梯)(Non-MPU,Non-M4)",,http://direct.nuvoton.com/img/p/0.jpg,首頁,0,0,0,0
727,COPY專用(無1K階梯-M4 MPU),,http://direct.nuvoton.com/img/p/0.jpg,首頁,0,0,0,0
1199,W78C032C40DL,W78C032C40DL,http://direct.nuvoton.com/img/p/0.jpg,8bit 8051 MCUs,0.7881,0.79,0,1
743,"COPY專用 (純階梯)(MPU,M4)",,http://direct.nuvoton.com/img/p/0.jpg,首頁,0,0,0,0
360,NE-NAU8223,,http://direct.nuvoton.com/img/p/4/2/8/428.jpg,首頁,70,70,13,1
880,NuMaker-M463KG,NK-M463KG,http://direct.nuvoton.com/img/p/1/3/1/9/1319.jpg,Tools For Microcontroller,30,30,36,1
85,NANO100LD3BN,,http://direct.nuvoton.com/img/p/1/0/5/105.jpg,Arm Cortex-M0,2.875,2.88,0,1
713,M251LD2AE,,http://direct.nuvoton.com/img/p/1/1/1/3/1113.jpg,首頁,1.5,1.5,602,1
301,NUC230LD2AE,,http://direct.nuvoton.com/img/p/3/6/9/369.jpg,Arm Cortex-M0,3.175,3.18,260,1
498,ML51OB9AE,,http://direct.nuvoton.com/img/p/7/0/5/705.jpg,首頁,0.84,0.84,221,1
820,KFJ4B01100L(T),,http://direct.nuvoton.com/img/p/1/5/4/1/1541.jpg,MOSFET,0.52,0.52,200,1
29,M452LE6AE,,http://direct.nuvoton.com/img/p/4/5/45.jpg,Arm Cortex-M4,2.4,2.4,0,1
221,M451LC3AE,,http://direct.nuvoton.com/img/p/2/6/0/260.jpg,Arm Cortex-M4,1.84,1.84,260,1
635,NuMaker-RTU-NUC980 (Chili Board),NK-RTU980,http://direct.nuvoton.com/img/p/9/4/5/945.jpg,首頁,43.5,43.5,10,1
437,N78E059ALG,,http://direct.nuvoton.com/img/p/5/7/1/571.jpg,8bit 8051 MCUs,2.24,2.24,266,0
1043,FCAB22710L(T),FCAB22710LE,http://direct.nuvoton.com/img/p/1/4/8/6/1486.jpg,MOSFET,0.569,0.57,995,1
161,NuDip-MINI58 + Nu-Link MINI,NK-DIP-MINI,http://direct.nuvoton.com/img/p/1/9/1/191.jpg,首頁,9.9,9.9,2,1
571,M2351SFSIAAP,,http://direct.nuvoton.com/img/p/8/5/2/852.jpg,Arm Cortex-M23,6.325,6.33,250,0
782,M481LE8AE,,http://direct.nuvoton.com/img/p/1/1/6/2/1162.jpg,首頁,1.936,1.94,0,1
370,NuTiny-NUC125S (India Workshop Only),NT-NUC125S,http://direct.nuvoton.com/img/p/4/3/6/436.jpg,Tool,25,25,10,0
888,M256SD2AE,,http://direct.nuvoton.com/img/p/1/3/4/2/1342.jpg,Arm Cortex-M23,1.875,1.88,200,1
93,NANO102LB1AN,,http://direct.nuvoton.com/img/p/1/1/3/113.jpg,Arm Cortex-M0,2.025,2.03,700,0
722,ML51LD1AE,,http://direct.nuvoton.com/img/p/1/1/1/9/1119.jpg,首頁,1.56,1.56,193,1
309,NANO120LD3BN,,http://direct.nuvoton.com/img/p/3/7/6/376.jpg,Arm Cortex-M0,2.45,2.45,250,1
506,ML51EC0AE,,http://direct.nuvoton.com/img/p/7/1/7/717.jpg,NuMicro® Family,1.23,1.23,198,1
828,KA44171A-VB(T),,http://direct.nuvoton.com/img/p/1/2/1/9/1219.jpg,Analog ICs,0.54,0.54,1885,1
37,NUC472VI8AE,,http://direct.nuvoton.com/img/p/5/3/53.jpg,Arm Cortex-M4,7.36,7.36,0,0
1190,NuMaker- M051L,NK-M051L,http://direct.nuvoton.com/img/p/1/6/3/7/1637.jpg,M0 Development Tool,25,25,1,1
231,M058LDN,,http://direct.nuvoton.com/img/p/2/8/6/286.jpg,Arm Cortex-M0,1.725,1.73,250,1
643,M487KMCAN,,http://direct.nuvoton.com/img/p/9/6/0/960.jpg,Arm Cortex-M4,4.608,4.61,231,1
445,M2351SIAAE,,http://direct.nuvoton.com/img/p/5/8/2/582.jpg,Arm Cortex-M23,4.075,4.08,240,1
1052,KFC6B21B70L(T),KFC6B21B70LE,http://direct.nuvoton.com/img/p/1/4/9/7/1497.jpg,MOSFET,0.267,0.27,1000,1
170,NuTiny-N76E003,NT-N76E003,http://direct.nuvoton.com/img/p/2/0/6/206.jpg,Tool,25,25,19,1
580,M031SC2AE,,http://direct.nuvoton.com/img/p/8/6/8/868.jpg,Arm Cortex-M0,1.325,1.33,267,1
790,M482LGCAE,,http://direct.nuvoton.com/img/p/1/1/7/0/1170.jpg,首頁,2.304,2.3,215,1
380,[N76E003 Bundle],NT-N76E003+Nu-Link-PRO+Chip,http://direct.nuvoton.com/img/p/4/6/2/462.jpg,NuMicro® Family,58,58,0,0
896,NuMaker-M031GTD,NK-M031GTD,http://direct.nuvoton.com/img/p/1/3/6/9/1369.jpg,NuMicro® Family,35,35,32,1
101,W78E516DFG,,http://direct.nuvoton.com/img/p/1/2/1/121.jpg,8bit 8051 MCUs,2.52,2.52,0,0
730,N9H30K61I,,http://direct.nuvoton.com/img/p/1/1/2/6/1126.jpg,,8.29,8.29,0,0
317,NUC240SC2AE,,http://direct.nuvoton.com/img/p/3/8/6/386.jpg,Arm Cortex-M0,3.45,3.45,204,1
836,NUC972DF63YC,,http://direct.nuvoton.com/img/p/1/2/5/2/1252.jpg,Arm Cortex-M4,7.68,7.68,124,1
45,MINI52LDE,,http://direct.nuvoton.com/img/p/6/1/61.jpg,Arm Cortex-M0,1.4,1.4,245,1
1202,MS51XB9BE,MS51XB9BE,http://direct.nuvoton.com/img/p/1/6/5/1/1651.jpg,8bit 8051 MCUs,0.53,0.53,1000,1
241,M058ZDE,,http://direct.nuvoton.com/img/p/2/9/9/299.jpg,Arm Cortex-M0,1.875,1.88,520,1
652,NAU88L25YGB,,http://direct.nuvoton.com/img/p/9/7/6/976.jpg,首頁,1.24,1.24,240,1
454,NUC029LEE,,http://direct.nuvoton.com/img/p/5/9/5/595.jpg,Arm Cortex-M0,2.3,2.3,138,1
1060,KFCAB21B10L(T),KFCAB21B10LE,http://direct.nuvoton.com/img/p/1/5/0/5/1505.jpg,MOSFET,0.799,0.8,805,1
179,NUC472JG8AE,,http://direct.nuvoton.com/img/p/2/3/2/232.jpg,Arm Cortex-M4,9.2,9.2,0,0
589,M031SIAAE,,http://direct.nuvoton.com/img/p/8/8/0/880.jpg,Arm Cortex-M0,3.53,3.53,222,1
392,[永久關閉] N76E003AT20 (x100 Bundle),,http://direct.nuvoton.com/img/p/4/8/1/481.jpg,8bit 8051 MCUs,86.25,86.25,0,0
955,M0A23OC1ACU,M0A23OC1ACU,http://direct.nuvoton.com/img/p/1/4/3/0/1430.jpg,首頁,1.88,1.88,0,0
109,NU-LINK-PRO,NU-LINK-PRO,http://direct.nuvoton.com/img/p/1/2/9/129.jpg,首頁,38,38,28,1
738,M0A21OB1AC,,http://direct.nuvoton.com/img/p/1/1/3/4/1134.jpg,首頁,1.3,1.3,0,1
326,ISD2130YYI,I2130YYI,http://direct.nuvoton.com/img/p/3/9/2/392.jpg,首頁,2.39,2.39,105,1
524,M031SE3AE,,http://direct.nuvoton.com/img/p/7/4/8/748.jpg,Arm Cortex-M0,1.875,1.88,230,1
844,N9H30F63IEC,,http://direct.nuvoton.com/img/p/1/2/4/8/1248.jpg,首頁,7.52,7.52,25,1
53,M058SLAN,,http://direct.nuvoton.com/img/p/6/9/69.jpg,Arm Cortex-M0,1.775,1.78,250,1
1216,M2L31YGDAE,M2L31YGDAE,http://direct.nuvoton.com/img/p/1/6/5/9/1659.jpg,Arm Cortex-M23,3.25,3.25,490,1
251,NUC120RC1DN,,http://direct.nuvoton.com/img/p/3/1/8/318.jpg,Arm Cortex-M0,3.45,3.45,141,1
661,NuMaker-M032TC,NK-M032TC,http://direct.nuvoton.com/img/p/1/0/0/3/1003.jpg,NuMicro® Family,30,30,11,1
462,NuMaker-HMI-N9H26,NK-N9H26,http://direct.nuvoton.com/img/p/6/0/9/609.jpg,NuMaker Kit,124,124,22,1
1068,NuMaker-NUC1263SD,NK-NUC1263SD,http://direct.nuvoton.com/img/p/1/5/1/7/1517.jpg,Tools For Microcontroller,25,25,0,1
187,NUC505YLA2Y,,http://direct.nuvoton.com/img/p/2/4/5/245.jpg,Arm Cortex-M4,2.4,2.4,980,1
598,M032KG8AE,,http://direct.nuvoton.com/img/p/8/9/7/897.jpg,Arm Cortex-M0,3.53,3.53,260,1
402,M0564LE4AE,,http://direct.nuvoton.com/img/p/5/0/7/507.jpg,Arm Cortex-M0,2.875,2.88,318,1
987,M48SSIDAE,M48SSIDAE,http://direct.nuvoton.com/img/p/1/4/4/4/1444.jpg,MCU,3.68,3.68,218,1
117,NuTiny-M0519V,NT-M0519V,http://direct.nuvoton.com/img/p/1/3/8/138.jpg,Tool,25,25,16,1
531,NUC980DK61YC,,http://direct.nuvoton.com/img/p/7/6/3/763.jpg,首頁,7.36,7.36,0,1
746,M251LC2AE,,http://direct.nuvoton.com/img/p/1/1/4/0/1140.jpg,首頁,1.45,1.45,148,1
334,NUC125ZC2AE,,http://direct.nuvoton.com/img/p/3/9/7/397.jpg,Arm Cortex-M0,1.525,1.53,493,1
852,NUC980DF63YC,,http://direct.nuvoton.com/img/p/1/2/6/3/1263.jpg,首頁,7.68,7.68,100,1
61,NUC100RD2DN,,http://direct.nuvoton.com/img/p/7/7/77.jpg,Arm Cortex-M0,3.625,3.63,113,1
259,NUC130RC1CN,,http://direct.nuvoton.com/img/p/3/2/9/329.jpg,Arm Cortex-M0,4.85,4.85,0,0
673,NuMaker-PFM-NUC126,NK-NUC126D,http://direct.nuvoton.com/img/p/1/0/4/4/1044.jpg,Tool,45,45,0,1
274,NUC140LD2CN,,http://direct.nuvoton.com/img/p/3/4/4/344.jpg,Arm Cortex-M0,5.03,5.03,0,0
470,W79E8213RAKG,,http://direct.nuvoton.com/img/p/6/2/8/628.jpg,8bit 8051 MCUs,1.56,1.56,58,1
1081,M091YC2AE,M091YC2AE,http://direct.nuvoton.com/img/p/1/5/4/9/1549.jpg,M091 Series,2.5,2.5,0,1
196,N78E366ALG,,http://direct.nuvoton.com/img/p/2/7/4/274.jpg,8bit 8051 MCUs,2.31,2.31,0,0
611,[學會使用 NuMicro 微控制器] 1. NuMicro 生態圈,,http://direct.nuvoton.com/img/p/9/1/1/911.jpg,Training Video,9.9,9.9,98,1
412,NUC029ZAN,,http://direct.nuvoton.com/img/p/5/2/4/524.jpg,Arm Cortex-M0,1.45,1.45,556,1
1006,M467HJHAN,M467HJHAN,http://direct.nuvoton.com/img/p/1/4/5/7/1457.jpg,M467 Ethernet/Crypto Series,7.52,7.52,286,1
125,NuTiny-NUC220V,NT-NUC220V,http://direct.nuvoton.com/img/p/1/6/0/160.jpg,Tool,20,20,9,1
539,M263SIAAE,,http://direct.nuvoton.com/img/p/7/7/7/777.jpg,首頁,4.175,4.18,250,1
754,M252EC2AE,,http://direct.nuvoton.com/img/p/1/1/4/8/1148.jpg,首頁,1.1,1.1,435,1
342,NC-ISD17240,,http://direct.nuvoton.com/img/p/4/1/4/414.jpg,首頁,14,14,16,1
861,M471R1E6AE,,http://direct.nuvoton.com/img/p/1/2/8/3/1283.jpg,M471 Series,2.208,2.21,231,1
69,NUC130VE3CN,,http://direct.nuvoton.com/img/p/8/7/87.jpg,Arm Cortex-M0,5.55,5.55,166,0
267,MINI52TDE,,http://direct.nuvoton.com/img/p/3/3/7/337.jpg,Arm Cortex-M0,1.325,1.33,0,1
681,NM-N83G20MA,,http://direct.nuvoton.com/img/p/1/0/6/5/1065.jpg,首頁,399,399,2,1
283,NUC140RD2CN,,http://direct.nuvoton.com/img/p/3/5/2/352.jpg,Arm Cortex-M0,5.38,5.38,0,0
480,NuMaker-M031TC,NK-M031TC,http://direct.nuvoton.com/img/p/6/5/8/658.jpg,首頁,25,25,3,1
803,M032LD2AE,,http://direct.nuvoton.com/img/p/1/1/8/8/1188.jpg,Arm Cortex-M0,0.95,0.95,194,1
1134,NUC1262SE4AE,NUC1262SE4AE,http://direct.nuvoton.com/img/p/1/5/6/6/1566.jpg,NUC1262 Series,2.75,2.75,145,1
204,W78E052DPG,,http://direct.nuvoton.com/img/p/2/7/8/278.jpg,8bit 8051 MCUs,1.74,1.74,189,1
619,[學會使用 NuMicro 微控制器] 8. PWM,,http://direct.nuvoton.com/img/p/9/1/8/918.jpg,Training Video,9.9,9.9,98,0
421,M484SIDAE2U,,http://direct.nuvoton.com/img/p/5/4/2/542.jpg,Arm Cortex-M4,3.04,3.04,211,1
133,NuTiny-NUC505Y,NT-NUC505Y,http://direct.nuvoton.com/img/p/1/5/1/151.jpg,Tool,30,30,0,1
550,MS51FB9AE,,http://direct.nuvoton.com/img/p/7/9/8/798.jpg,NuMicro® Family,0.39,0.39,2945,1
762,M252SG6AE,,http://direct.nuvoton.com/img/p/1/1/5/6/1156.jpg,首頁,2.25,2.25,293,1
352,NC-ISD1620B,,http://direct.nuvoton.com/img/p/4/1/9/419.jpg,首頁,7,7,20,1
872,M253ZE3AE,,http://direct.nuvoton.com/img/p/1/3/0/3/1303.jpg,首頁,1.625,1.63,385,1
77,NUC220LE3AN,,http://direct.nuvoton.com/img/p/9/6/96.jpg,Arm Cortex-M0,2.15,2.15,250,1
692,NuMaker-M032KI,NK-M032KI,http://direct.nuvoton.com/img/p/1/0/8/8/1088.jpg,NuMicro® Family,30,30,0,1
291,NUC200VE3AN,,http://direct.nuvoton.com/img/p/3/5/9/359.jpg,Arm Cortex-M0,2.875,2.88,90,1
489,M2351SIAAE,,http://direct.nuvoton.com/img/p/6/3/8/638.jpg,Arm Cortex-M23,4.68,4.68,0,0
812,KFC4A21300L(T),,http://direct.nuvoton.com/img/p/1/5/4/5/1545.jpg,MOSFET,0.58,0.58,1095,1
17,NuMaker-Drone (Drone Kit),NK-QUAD00,http://direct.nuvoton.com/img/p/3/2/32.jpg,首頁,70,70,12,1
212,N76E616AL48,,http://direct.nuvoton.com/img/p/2/8/0/280.jpg,8bit 8051 MCUs,1.14,1.14,240,1
627,MS51BA9AE,,http://direct.nuvoton.com/img/p/9/2/9/929.jpg,NuMicro® Family,0.57,0.57,340,1
429,NANO103ZD3AE,,http://direct.nuvoton.com/img/p/5/5/8/558.jpg,Arm Cortex-M0,2.48,2.48,0,0
1035,KE-KA44170A,KE-KA44170A,http://direct.nuvoton.com/img/p/1/4/7/7/1477.jpg,1-Phase Brushless DC KA44 Series,84,84,5,1
141,NuMaker-PFM-M453 (mbed OS 5.0),NK-BEDM453,http://direct.nuvoton.com/img/p/1/6/4/164.jpg,首頁,29.9,29.9,0,0
561,M452VG6AE,,http://direct.nuvoton.com/img/p/8/2/3/823.jpg,Arm Cortex-M4,2.672,2.67,90,1
630,MS51XC0BE,,http://direct.nuvoton.com/img/p/9/3/5/935.jpg,NuMicro® Family,0.72,0.72,416,1
432,NuMaker-HMI-N9H20,NK-N9H20,http://direct.nuvoton.com/img/p/1/2/3/3/1233.jpg,NuMaker Kit,119,119,16,1
1038,N76S003AQ20,N76S003AQ20,http://direct.nuvoton.com/img/p/1/4/8/0/1480.jpg,8bit 8051 MCUs,0.22,0.22,2397,1
147,NuMaker-Tomato (IoT Gateway),NK-tomato,http://direct.nuvoton.com/img/p/1/8/4/184.jpg,首頁,36.9,36.9,0,1
565,NUC980DK61Y,,http://direct.nuvoton.com/img/p/8/3/6/836.jpg,首頁,7.36,7.36,0,1
364,NAU88C22YG,,http://direct.nuvoton.com/img/p/4/3/1/431.jpg,首頁,1.07,1.07,403,1
883,M258KG6AE,,http://direct.nuvoton.com/img/p/1/3/3/2/1332.jpg,Arm Cortex-M23,3.125,3.13,257,1
88,NANO100SE3BN,,http://direct.nuvoton.com/img/p/1/0/8/108.jpg,Arm Cortex-M0,2.6,2.6,277,1
716,M252LG6AE,,http://direct.nuvoton.com/img/p/1/1/1/5/1115.jpg,首頁,2.125,2.13,232,1
304,NUC230SC2AE,,http://direct.nuvoton.com/img/p/3/7/3/373.jpg,Arm Cortex-M0,3.175,3.18,252,1
501,ML51XB9AE,,http://direct.nuvoton.com/img/p/7/0/7/707.jpg,NuMicro® Family,0.84,0.84,340,1
823,KA44143A-VBA(T),,http://direct.nuvoton.com/img/p/1/2/1/4/1214.jpg,Analog ICs,1.3,1.3,205,1
32,M453LD3AE,,http://direct.nuvoton.com/img/p/4/8/48.jpg,Arm Cortex-M4,2.208,2.21,0,1
1180,M2003XC1AE,M2003XC1AE,http://direct.nuvoton.com/img/p/1/6/3/1/1631.jpg,Arm Cortex-M23,0.59,0.59,445,1
225,M451LG6AE,,http://direct.nuvoton.com/img/p/2/7/0/270.jpg,Arm Cortex-M4,2.304,2.3,0,1
638,NAU8315YG,,http://direct.nuvoton.com/img/p/9/5/2/952.jpg,首頁,0.67,0.67,130,1
440,M483SIDAE,,http://direct.nuvoton.com/img/p/7/2/8/728.jpg,Arm Cortex-M4,2.944,2.94,320,1
1046,FK4B01120L(T),FK4B01120LE,http://direct.nuvoton.com/img/p/1/5/4/0/1540.jpg,MOSFET,0.557,0.56,1000,1
165,W925E240FG,,http://direct.nuvoton.com/img/p/1/9/9/199.jpg,8bit 8051 MCUs,2.94,2.94,35,1
574,N9H30F61IEC,,http://direct.nuvoton.com/img/p/8/5/5/855.jpg,首頁,7.52,7.52,0,1
785,M481SGCAE,,http://direct.nuvoton.com/img/p/1/1/6/5/1165.jpg,首頁,2.304,2.3,183,1
373,[NuMaker Bundle] PFM-NUC472 + Uno (備用),NK-BEDNUC472 + NK-UNO-131,http://direct.nuvoton.com/img/p/4/4/4/444.jpg,首頁,42.43,42.43,10,0
891,M258SE3AE,,http://direct.nuvoton.com/img/p/1/5/2/0/1520.jpg,Arm Cortex-M23,2.38,2.38,225,1
96,NANO112LC2AN,,http://direct.nuvoton.com/img/p/1/1/6/116.jpg,Arm Cortex-M0,2.3,2.3,240,1
725,ML54MD1AE,,http://direct.nuvoton.com/img/p/1/1/2/2/1122.jpg,首頁,1.89,1.89,314,1
312,NUC230VE3AE,,http://direct.nuvoton.com/img/p/3/8/0/380.jpg,Arm Cortex-M0,3.875,3.88,0,0
509,ML51TC0AE,,http://direct.nuvoton.com/img/p/7/2/3/723.jpg,NuMicro® Family,1.29,1.29,1357,1
831,KA49517A-VB,,http://direct.nuvoton.com/img/p/1/2/2/2/1222.jpg,Analog ICs,4.84,4.84,0,0
40,MINI51FDE,,http://direct.nuvoton.com/img/p/5/6/56.jpg,Arm Cortex-M0,0.88,0.88,0,1
1195,NuMaker-KE-NUMM7A52H,KE-NUMM7A52H,http://direct.nuvoton.com/img/p/1/6/4/3/1643.jpg,M7 Development Tool,30,30,10,1
235,NANO130KD3BN,,http://direct.nuvoton.com/img/p/2/9/2/292.jpg,Arm Cortex-M0,3.3,3.3,335,0
647,NuMaker-M252SD,NK-M252SD,http://direct.nuvoton.com/img/p/9/6/7/967.jpg,NuMicro® Family,20,20,13,1
449,M451MLG6AE x 100,,http://direct.nuvoton.com/img/p/5/8/6/586.jpg,Arm Cortex-M4,373.75,373.75,2,0
1055,KFCAB22370L(T),KFCAB22370LE,http://direct.nuvoton.com/img/p/1/5/0/0/1500.jpg,MOSFET,0.461,0.46,1000,1
173,MINI58FDE,,http://direct.nuvoton.com/img/p/2/1/0/210.jpg,Arm Cortex-M0,1.175,1.18,296,1
584,NU-LINK2-PRO,NU-LINK2-PRO,http://direct.nuvoton.com/img/p/8/6/5/865.jpg,Tool,149,149,69,1
793,M482ZE8AE,,http://direct.nuvoton.com/img/p/1/1/7/3/1173.jpg,首頁,1.936,1.94,500,1
384,N572F072G,,http://direct.nuvoton.com/img/p/4/6/6/466.jpg,首頁,1.04,1.04,267,1
899,NuMaker- M071MD,NK-M071MD,http://direct.nuvoton.com/img/p/1/3/8/3/1383.jpg,NuMicro® Family,25,25,2,1
104,N78E517APG,,http://direct.nuvoton.com/img/p/1/2/4/124.jpg,8bit 8051 MCUs,2.94,2.94,0,1
733,NUC980DK71Y,,http://direct.nuvoton.com/img/p/1/1/2/9/1129.jpg,首頁,10.13,10.13,0,0
320,NUC121LC2AE,,http://direct.nuvoton.com/img/p/3/8/9/389.jpg,Arm Cortex-M0,1.675,1.68,302,1
519,M031EC1AE,,http://direct.nuvoton.com/img/p/7/3/8/738.jpg,Arm Cortex-M0,0.7,0.7,254,1
839,M032BTAG8AN,,http://direct.nuvoton.com/img/p/1/2/3/7/1237.jpg,Arm Cortex-M0,4.75,4.75,255,0
48,MINI54ZDE,,http://direct.nuvoton.com/img/p/6/4/64.jpg,Arm Cortex-M0,1.325,1.33,525,1
1207,M2L31SIDAE,M2L31SIDAE,http://direct.nuvoton.com/img/p/1/6/5/4/1654.jpg,Arm Cortex-M23,3.88,3.88,250,1
244,NANO130SD3BN,,http://direct.nuvoton.com/img/p/3/0/5/305.jpg,Arm Cortex-M0,2.725,2.73,349,1
457,W78E052DDG,,http://direct.nuvoton.com/img/p/1/5/1/3/1513.jpg,8bit 8051 MCUs,1.74,1.74,119,1
1063,KFCAB21B50L(T),KFCAB21B50LE,http://direct.nuvoton.com/img/p/1/5/0/8/1508.jpg,MOSFET,0.569,0.57,678,1
182,NUC472HI8AE,,http://direct.nuvoton.com/img/p/2/3/5/235.jpg,Arm Cortex-M4,18.4,18.4,0,0
593,M032LG6AE,,http://direct.nuvoton.com/img/p/8/8/7/887.jpg,Arm Cortex-M0,2.43,2.43,251,1
801,M032EC1AE,,http://direct.nuvoton.com/img/p/1/1/8/3/1183.jpg,Arm Cortex-M0,0.75,0.75,280,1
396,N76E003AT20 (x2000 Bundle),,http://direct.nuvoton.com/img/p/1/0/4/7/1047.jpg,8bit 8051 MCUs,1725,1725,0,0
970,NuTiny-NM1200,NT-NM1200,http://direct.nuvoton.com/img/p/1/4/3/8/1438.jpg,Tool,25,25,5,1
112,NuTiny-MINI58L,NT-MINI58L,http://direct.nuvoton.com/img/p/1/3/2/132.jpg,Tool,25,25,12,1
741,M251EC2AE,,http://direct.nuvoton.com/img/p/1/1/3/7/1137.jpg,首頁,1.1,1.1,247,1
329,ISD2360YYI,I2360YYI,http://direct.nuvoton.com/img/p/3/9/4/394.jpg,首頁,2.86,2.86,431,1
847,NUC975DK63YC,,http://direct.nuvoton.com/img/p/1/2/5/4/1254.jpg,Arm Cortex-M4,7.36,7.36,90,1
56,M0518LD2AE,,http://direct.nuvoton.com/img/p/7/2/72.jpg,Arm Cortex-M0,2.325,2.33,186,1
254,M0516ZDE,,http://direct.nuvoton.com/img/p/3/2/3/323.jpg,Arm Cortex-M0,2.125,2.13,490,1
664,M451LC3AE (Q2),,http://direct.nuvoton.com/img/p/1/0/3/0/1030.jpg,NuMicro® Family,1000,1000,0,0
269,NUC131SC2AE,,http://direct.nuvoton.com/img/p/3/4/0/340.jpg,Arm Cortex-M0,2.475,2.48,262,1
465,M451RG6AE,,http://direct.nuvoton.com/img/p/6/1/3/613.jpg,Arm Cortex-M4,2.93,2.93,0,0
1072,NUC1263LD4CE,NUC1263LD4CE,http://direct.nuvoton.com/img/p/1/5/2/7/1527.jpg,NUC1263 Series,3,3,222,1
190,NUC505DSA,,http://direct.nuvoton.com/img/p/2/4/8/248.jpg,Arm Cortex-M4,2.576,2.58,323,1
406,NuTiny-Nano103S,NT-NANO103S,http://direct.nuvoton.com/img/p/5/0/5/505.jpg,Tool,20,20,12,1
999,M467KJHAN,M467KJHAN,http://direct.nuvoton.com/img/p/1/4/4/8/1448.jpg,TAIWAN/SEA Roadshow 2024 ,5.6,5.6,453,1
120,NuTiny-NUC122S,NT-NUC122S,http://direct.nuvoton.com/img/p/1/4/0/140.jpg,Tool,20,20,18,1
534,M261KIAAE,,http://direct.nuvoton.com/img/p/7/6/8/768.jpg,首頁,4.025,4.03,119,1
749,M251SC2AE,,http://direct.nuvoton.com/img/p/1/1/4/3/1143.jpg,首頁,1.5,1.5,235,1
337,NT-ISD3800,,http://direct.nuvoton.com/img/p/4/1/1/411.jpg,首頁,21,21,2,1
856,NV-A1NV,NV-A1NV,http://direct.nuvoton.com/img/p/1/2/7/1/1271.jpg,Tool,1,1,0,0
64,NUC120LE3DN,,http://direct.nuvoton.com/img/p/8/0/80.jpg,Arm Cortex-M0,4.225,4.23,11,1
262,M0519LE3AE,,http://direct.nuvoton.com/img/p/3/3/2/332.jpg,Arm Cortex-M0,2.875,2.88,479,1
676,NV-NAU83G20S,,http://direct.nuvoton.com/img/p/1/0/5/2/1052.jpg,首頁,459,459,3,1
277,NANO100LD2BN,,http://direct.nuvoton.com/img/p/3/4/6/346.jpg,Arm Cortex-M0,2.725,2.73,170,1
473,M451MLD3AE,,http://direct.nuvoton.com/img/p/6/3/0/630.jpg,Arm Cortex-M4,2,2,250,0
1085,M433LE8AE,M433LE8AE,http://direct.nuvoton.com/img/p/1/5/5/4/1554.jpg,Arm Cortex-M4,1.28,1.28,265,1
199,N79E715AT28,,http://direct.nuvoton.com/img/p/2/7/6/276.jpg,8bit 8051 MCUs,0.84,0.84,326,1
614,[學會使用 NuMicro 微控制器] 4. I2C,,http://direct.nuvoton.com/img/p/9/1/4/914.jpg,Training Video,9.9,9.9,98,0
416,M482KIDAE,,http://direct.nuvoton.com/img/p/5/3/2/532.jpg,Arm Cortex-M4,2.944,2.94,385,1
1015,MG51FC9AE,MG51FC9AE,http://direct.nuvoton.com/img/p/1/4/6/4/1464.jpg,8bit 8051 MCUs,0.621,0.62,187,1
128,NuTiny-Nano130K,NT-NANO130K,http://direct.nuvoton.com/img/p/1/4/6/146.jpg,Tool,25,25,3,1
544,NUC029KGE,,http://direct.nuvoton.com/img/p/7/8/4/784.jpg,Arm Cortex-M0,3.175,3.18,156,1
757,M252LC2AE,,http://direct.nuvoton.com/img/p/1/1/5/1/1151.jpg,首頁,1.45,1.45,750,1
346,ISD1760SYI,I1760SYI,http://direct.nuvoton.com/img/p/4/0/2/402.jpg,首頁,6.97,6.97,34,1
865,NuMaker -M256SD,NK-M256SD,http://direct.nuvoton.com/img/p/1/2/9/4/1294.jpg,NuMicro® Family,45,45,15,1
72,NUC131LC2AE,,http://direct.nuvoton.com/img/p/9/0/90.jpg,Arm Cortex-M0,2.3,2.3,135,1
684,M031BTYE3AN,,http://direct.nuvoton.com/img/p/1/0/7/0/1070.jpg,Arm Cortex-M0,2.875,2.88,749,0
286,NANO110KC2BN,,http://direct.nuvoton.com/img/p/3/5/4/354.jpg,Arm Cortex-M0,3.025,3.03,90,1
484,NuMaker-ML51PC,NK-ML51PC,http://direct.nuvoton.com/img/p/6/6/2/662.jpg,首頁,25,25,19,1
807,MS51FB9AE (勿用，請使用ID:550),,http://direct.nuvoton.com/img/p/1/1/9/1/1191.jpg,NuMicro® Family,0.64,0.64,0,0
9,M451LC3AE (Q),,http://direct.nuvoton.com/img/p/2/4/24.jpg,NuMicro® Family,400,400,291,0
1138,M433SE8AE,M433SE8AE,http://direct.nuvoton.com/img/p/1/5/7/7/1577.jpg,Arm Cortex-M4,1.36,1.36,0,1
207,M453RG6AE,,http://direct.nuvoton.com/img/p/2/2/1/221.jpg,Arm Cortex-M4,2.768,2.77,395,1
622,NuMaker-M031TB+[學會使用 NuMicro 微控制器] 全系列課程限量特惠,NK-M031TB + Level 1 Workshop,http://direct.nuvoton.com/img/p/9/1/9/919.jpg,首頁,31.9,31.9,10,0
424,M487JIDAE,,http://direct.nuvoton.com/img/p/5/4/8/548.jpg,Arm Cortex-M4,4.608,4.61,225,1
1025,M463YGCAE,M463YGCAE,http://direct.nuvoton.com/img/p/1/4/7/3/1473.jpg,M463 CAN FD/USB HS Series,2.64,2.64,450,1
136,NuTiny-N76E885,NT-N76E885,http://direct.nuvoton.com/img/p/2/0/5/205.jpg,Tool,25,25,84,1
556,MS51FB9AE  (x2000 Bundle),,http://direct.nuvoton.com/img/p/1/0/4/9/1049.jpg,NuMicro® Family,1104,1104,0,0
765,M2354LJFAE,,http://direct.nuvoton.com/img/p/1/1/5/9/1159.jpg,首頁,4.975,4.98,144,1
355,ISD8101SYI,I8101SYI,http://direct.nuvoton.com/img/p/4/2/2/422.jpg,首頁,0.4,0.4,270,1
875,M254SE3AE,,http://direct.nuvoton.com/img/p/1/3/0/9/1309.jpg,M254/M256/M258 Low Power LCD Series ,2.25,2.25,245,1
80,NUC220VE3AN,,http://direct.nuvoton.com/img/p/9/9/99.jpg,Arm Cortex-M0,2.875,2.88,135,1
706,ML56MD1AE,,http://direct.nuvoton.com/img/p/1/0/9/1/1091.jpg,首頁,2.01,2.01,277,1
294,NUC220SD2AN,,http://direct.nuvoton.com/img/p/3/6/2/362.jpg,Arm Cortex-M0,2.45,2.45,250,1
815,KFC4B21300L(T),,http://direct.nuvoton.com/img/p/1/5/3/4/1534.jpg,MOSFET,0.5,0.5,0,1
24,M451LD3AE,,http://direct.nuvoton.com/img/p/4/0/40.jpg,Arm Cortex-M4,1.936,1.94,87,1
1162,NuMaker-HMI-N9H31-A1,NK-N9H31A1,http://direct.nuvoton.com/img/p/1/6/0/1/1601.jpg,N9H31 Series,169,169,17,1
215,N78E059APG,,http://direct.nuvoton.com/img/p/2/8/1/281.jpg,8bit 8051 MCUs,3.06,3.06,0,0
709,M0A23EC1AC,,http://direct.nuvoton.com/img/p/1/1/0/9/1109.jpg,首頁,1.575,1.58,250,1
299,NANO112SB1AN,,http://direct.nuvoton.com/img/p/3/6/7/367.jpg,Arm Cortex-M0,2.225,2.23,250,0
495,ML51DB9AE,,http://direct.nuvoton.com/img/p/7/0/0/700.jpg,NuMicro® Family,0.78,0.78,391,1
818,KFC4B22670L(T),,http://direct.nuvoton.com/img/p/1/5/3/6/1536.jpg,MOSFET,0.67,0.67,1000,1
27,M452LC3AE,,http://direct.nuvoton.com/img/p/4/3/43.jpg,Arm Cortex-M4,1.84,1.84,0,1
1165,NuMaker-HMI-M487D2,NK-BEDM487D2,http://direct.nuvoton.com/img/p/1/6/2/0/1620.jpg,M4 Development Tool,55,55,13,1
219,M451VE6AE,,http://direct.nuvoton.com/img/p/2/5/6/256.jpg,Arm Cortex-M4,2.48,2.48,180,1
633,MS51EC0AE,,http://direct.nuvoton.com/img/p/9/4/1/941.jpg,NuMicro® Family,0.84,0.84,316,1
435,NuMaker-ETM-M487,NK-BEDM487E,http://direct.nuvoton.com/img/p/5/6/7/567.jpg,NuMicro® Family,33,33,15,1
1041,FCAB21910L(T),FCAB21910LE,http://direct.nuvoton.com/img/p/1/4/8/4/1484.jpg,MOSFET,0.487,0.49,1000,1
153,M0516LDN,,http://direct.nuvoton.com/img/p/1/8/7/187.jpg,Arm Cortex-M0,1.875,1.88,4297,1
568,N9H20K31N,,http://direct.nuvoton.com/img/p/8/4/4/844.jpg,首頁,4,4,115,1
368,NuTiny-NUC125S,NT-NUC125S,http://direct.nuvoton.com/img/p/4/3/4/434.jpg,Tool,25,25,14,1
886,M254SD2AE,,http://direct.nuvoton.com/img/p/1/3/3/8/1338.jpg,M254/M256/M258 Low Power LCD Series ,1.75,1.75,245,1
91,NANO120SE3BN,,http://direct.nuvoton.com/img/p/1/1/1/111.jpg,Arm Cortex-M0,2.725,2.73,130,1
719,M032LC2AE,,http://direct.nuvoton.com/img/p/1/1/1/7/1117.jpg,首頁,0.9,0.9,240,1
307,NUC230SD2AE,,http://direct.nuvoton.com/img/p/3/7/5/375.jpg,Arm Cortex-M0,3.98,3.98,0,0
504,ML51PB9AE,,http://direct.nuvoton.com/img/p/7/1/3/713.jpg,NuMicro® Family,1.23,1.23,90,1
826,KA44169A-VB(T),,http://direct.nuvoton.com/img/p/1/2/1/7/1217.jpg,Analog ICs,0.62,0.62,1176,1
35,M453VG6AE,,http://direct.nuvoton.com/img/p/5/1/51.jpg,Arm Cortex-M4,2.848,2.85,80,1
1187,M471CI8AE,M471CI8AE,http://direct.nuvoton.com/img/p/1/6/3/6/1636.jpg,Arm Cortex-M4,3.5,3.5,0,1
229,M052LDN,,http://direct.nuvoton.com/img/p/2/8/4/284.jpg,Arm Cortex-M0,1.4,1.4,60,1
641,NAU88C10YG,,http://direct.nuvoton.com/img/p/9/5/8/958.jpg,首頁,0.86,0.86,365,1
443,NUC123SD4AN0,,http://direct.nuvoton.com/img/p/1/4/5/1/1451.jpg,Arm Cortex-M0,1.625,1.63,230,1
1049,KFC4B22180L(T),KFC4B22180LE,http://direct.nuvoton.com/img/p/1/4/9/2/1492.jpg,MOSFET,0.367,0.37,950,1
168,NuMaker Drone Control Board,NK-QUAD01,http://direct.nuvoton.com/img/p/2/0/0/200.jpg,首頁,55,55,3,1
788,M482KGCAE,,http://direct.nuvoton.com/img/p/1/1/6/8/1168.jpg,首頁,2.576,2.58,279,1
378,N79E823ADG,,http://direct.nuvoton.com/img/p/1/5/1/1/1511.jpg,8bit 8051 MCUs,1.44,1.44,173,1
894,NuMaker- M031KG,NK-M031KG,http://direct.nuvoton.com/img/p/1/3/7/1/1371.jpg,NuMicro® Family,30,30,18,1
99,W78E058DFG,,http://direct.nuvoton.com/img/p/1/1/9/119.jpg,8bit 8051 MCUs,2.28,2.28,253,1
728,N9H20R11N,,http://direct.nuvoton.com/img/p/1/1/2/4/1124.jpg,,4.32,4.32,0,0
315,NuTiny-NUC121S,NT-NUC121S,http://direct.nuvoton.com/img/p/3/8/4/384.jpg,Tool,25,25,12,1
834,KM63Y1213-E1(T),,http://direct.nuvoton.com/img/p/1/2/2/5/1225.jpg,Communication & Interface LSIs,0.68,0.68,1000,0
43,MINI51LDE,,http://direct.nuvoton.com/img/p/5/9/59.jpg,Arm Cortex-M0,1.15,1.15,0,1
1200,NOP912,NOP912,http://direct.nuvoton.com/img/p/1/6/4/9/1649.jpg,Analog ICs,0.33,0.33,100,0
238,M054ZDE,,http://direct.nuvoton.com/img/p/2/9/7/297.jpg,Arm Cortex-M0,1.65,1.65,0,1
650,ISD94124CDI,I94124CDI,http://direct.nuvoton.com/img/p/9/7/2/972.jpg,首頁,3.45,3.45,250,1
452,NUC029SDE,,http://direct.nuvoton.com/img/p/5/9/1/591.jpg,Arm Cortex-M0,2.15,2.15,485,1
1058,KFJ9B0466ZL(T),KFJ9B0466ZLE,http://direct.nuvoton.com/img/p/1/5/0/3/1503.jpg,MOSFET,1.069,1.07,998,1
177,NUC472KG8AE,,http://direct.nuvoton.com/img/p/2/3/0/230.jpg,Arm Cortex-M4,10.58,10.58,0,0
587,M031SG8AE,,http://direct.nuvoton.com/img/p/8/7/6/876.jpg,Arm Cortex-M0,3.23,3.23,237,1
796,M483SGCAE2A,,http://direct.nuvoton.com/img/p/1/1/7/6/1176.jpg,首頁,2.576,2.58,170,1
388,NUC100RE3AN,,http://direct.nuvoton.com/img/p/4/7/6/476.jpg,Arm Cortex-M0,4.23,4.23,0,0
952,M0A23OC1ACU,M0A23OC1ACU,http://direct.nuvoton.com/img/p/1/4/2/4/1424.jpg,M0A23 Series,1.875,1.88,262,1
107,N79E715AS16,,http://direct.nuvoton.com/img/p/1/2/7/127.jpg,8bit 8051 MCUs,0.69,0.69,251,1
736,M0A21EC1AC,,http://direct.nuvoton.com/img/p/1/1/3/2/1132.jpg,首頁,1.525,1.53,324,1
323,NT-ISD9160,,http://direct.nuvoton.com/img/p/4/0/5/405.jpg,首頁,20,20,1,1
522,M031SD2AE,,http://direct.nuvoton.com/img/p/7/4/4/744.jpg,Arm Cortex-M0,1.575,1.58,231,1
842,NuMaker-IoT-M2354U,NK-IOTM2354U,http://direct.nuvoton.com/img/p/1/2/4/3/1243.jpg,NuMicro® Family,179,179,4,1
51,M058LDE,,http://direct.nuvoton.com/img/p/6/7/67.jpg,Arm Cortex-M0,1.925,1.93,250,1
1211,M2L31LIDAE,M2L31LIDAE,http://direct.nuvoton.com/img/p/1/6/5/7/1657.jpg,Arm Cortex-M23,3.5,3.5,0,1
248,NUC100RC1DN,,http://direct.nuvoton.com/img/p/3/1/2/312.jpg,Arm Cortex-M0,3.05,3.05,345,1
659,NuMaker-M031SE,NK-M031SE,http://direct.nuvoton.com/img/p/1/0/0/1/1001.jpg,首頁,20,20,13,1
460,M4521SE6AE,,http://direct.nuvoton.com/img/p/6/0/5/605.jpg,Arm Cortex-M4,2.032,2.03,238,1
1066,KFC7P23440L(T),KFC7P23440LE,http://direct.nuvoton.com/img/p/1/4/9/6/1496.jpg,MOSFET,1.34,1.34,1970,1
185,NUC442RI8AE,,http://direct.nuvoton.com/img/p/2/3/8/238.jpg,Arm Cortex-M4,7.41,7.41,0,0
596,M032LG8AE,,http://direct.nuvoton.com/img/p/8/9/3/893.jpg,Arm Cortex-M0,3.23,3.23,238,1
399,NUC126SG4AE,,http://direct.nuvoton.com/img/p/4/9/2/492.jpg,Arm Cortex-M0,3.175,3.18,0,1
973,NuTiny-NM1230,NT-NM1230,http://direct.nuvoton.com/img/p/1/4/4/1/1441.jpg,Tool,25,25,5,1
115,NuTiny-M058SS,NT-M058SS,http://direct.nuvoton.com/img/p/6/9/7/697.jpg,Tool,20,20,7,1
529,M261ZIAAE,,http://direct.nuvoton.com/img/p/7/5/9/759.jpg,首頁,3.75,3.75,490,1
744,M251FC2AE,,http://direct.nuvoton.com/img/p/1/1/3/8/1138.jpg,首頁,1,1,321,1
332,NUC125LC2AE,,http://direct.nuvoton.com/img/p/3/9/5/395.jpg,Arm Cortex-M0,1.675,1.68,250,1
850,N9H26K63N,,http://direct.nuvoton.com/img/p/1/2/6/0/1260.jpg,首頁,7.92,7.92,0,1
59,NUC100LE3DN,,http://direct.nuvoton.com/img/p/7/5/75.jpg,Arm Cortex-M0,3.95,3.95,142,1
257,M058SZAN,,http://direct.nuvoton.com/img/p/3/2/6/326.jpg,Arm Cortex-M0,1.725,1.73,490,1
671,NuTiny-SDK-MINI55L,NT-MINI55L,http://direct.nuvoton.com/img/p/1/0/3/8/1038.jpg,Tool,20,20,18,1
272,NUC140LC1CN,,http://direct.nuvoton.com/img/p/3/4/2/342.jpg,Arm Cortex-M0,4.68,4.68,128,0
468,NuTiny-NUC029SEE,NT-NUC029SE,http://direct.nuvoton.com/img/p/6/7/8/678.jpg,首頁,20,20,5,1
1077,M091TC2AE,M091TC2AE,http://direct.nuvoton.com/img/p/1/5/4/6/1546.jpg,M091 Series,2,2,475,1
194,N76E885AT20,,http://direct.nuvoton.com/img/p/2/7/1/271.jpg,8bit 8051 MCUs,0.75,0.75,333,1
409,M481SIDAE,,http://direct.nuvoton.com/img/p/5/2/7/527.jpg,Arm Cortex-M4,2.576,2.58,0,1
123,NuTiny-NUC140V,NT-NUC140V,http://direct.nuvoton.com/img/p/1/4/3/143.jpg,Tool,20,20,15,0
537,M262KIAAE,,http://direct.nuvoton.com/img/p/7/7/3/773.jpg,首頁,4.325,4.33,17,1
752,M251SG6AE,,http://direct.nuvoton.com/img/p/1/1/4/6/1146.jpg,首頁,2.25,2.25,222,1
340,NT-ISD3900,,http://direct.nuvoton.com/img/p/4/1/3/413.jpg,首頁,21,21,4,1
859,M471KI8AE,,http://direct.nuvoton.com/img/p/1/2/8/0/1280.jpg,M471 Series,3.68,3.68,170,1
67,NUC130LD2CN,,http://direct.nuvoton.com/img/p/8/3/83.jpg,Arm Cortex-M0,4.68,4.68,0,0
265,M0519SE3AE,,http://direct.nuvoton.com/img/p/3/3/5/335.jpg,Arm Cortex-M0,3.175,3.18,703,1
679,NM-N83G10MB,,http://direct.nuvoton.com/img/p/1/0/6/1/1061.jpg,首頁,399,399,4,0
280,NUC140RC1CN,,http://direct.nuvoton.com/img/p/3/5/1/351.jpg,Arm Cortex-M0,5.23,5.23,0,0
476,NuMaker-emWin-RDK-N9H30,RDK-N9H30,http://direct.nuvoton.com/img/p/6/9/4/694.jpg,NuMaker Kit,129,129,0,0
1132,NUC1262LE4AE,NUC1262LE4AE,http://direct.nuvoton.com/img/p/1/5/6/4/1564.jpg,NUC1263 Series,2.63,2.63,0,1
202,NUC442JG8AE,,http://direct.nuvoton.com/img/p/2/4/3/243.jpg,Arm Cortex-M4,10.58,10.58,0,1
617,NUC029FAE,,http://direct.nuvoton.com/img/p/9/0/7/907.jpg,Arm Cortex-M0,1,1,3648,1
419,M483KIDAE,,http://direct.nuvoton.com/img/p/5/3/8/538.jpg,Arm Cortex-M4,3.136,3.14,244,1
1018,MG51FB9AE,MG51FB9AE,http://direct.nuvoton.com/img/p/1/4/6/6/1466.jpg,8bit 8051 MCUs,0.48,0.48,216,1
131,NuTiny-NUC442J,NT-NUC442J,http://direct.nuvoton.com/img/p/1/4/9/149.jpg,Tool,25,25,0,0
547,NUC029SGE,,http://direct.nuvoton.com/img/p/7/9/2/792.jpg,Arm Cortex-M0,2.725,2.73,323,1
760,M252SC2AE,,http://direct.nuvoton.com/img/p/1/1/5/4/1154.jpg,首頁,2.33,2.33,0,0
350,NC-ISD1730,,http://direct.nuvoton.com/img/p/4/1/7/417.jpg,首頁,11,11,13,1
870,M253LD3AE,,http://direct.nuvoton.com/img/p/1/2/9/9/1299.jpg,首頁,2.15,2.15,345,1
75,NUC200LE3AN,,http://direct.nuvoton.com/img/p/9/4/94.jpg,Arm Cortex-M0,2.15,2.15,0,1
687,NuMaker-ML51SD,NK-ML51SD,http://direct.nuvoton.com/img/p/1/0/8/1/1081.jpg,NuMicro® Family,30,30,33,1
289,NANO110SD3BN,,http://direct.nuvoton.com/img/p/3/6/3/363.jpg,Arm Cortex-M0,3.13,3.13,0,0
487,M031FC1AE,,http://direct.nuvoton.com/img/p/6/3/6/636.jpg,Arm Cortex-M0,0.625,0.63,267,1
810,NuMaker-Volcano,NK-VOLCANO,http://direct.nuvoton.com/img/p/1/1/9/6/1196.jpg,NuMicro® Family,20,20,13,1
15,NuMaker-Uno (Arduino Compatible),NK-UNO-131,http://direct.nuvoton.com/img/p/3/0/30.jpg,首頁,20,20,0,1
1157,NuMaker-IIoT-NUC980G1,NK-980IOTG1 ,http://direct.nuvoton.com/img/p/1/5/8/9/1589.jpg,MPU,79,79,33,1
210,M453VE6AE,,http://direct.nuvoton.com/img/p/2/2/6/226.jpg,Arm Cortex-M4,2.768,2.77,90,1
625,NuMaker-M032SE+[學會使用 NuMicro 微控制器] 全系列課程限量特惠,NK-M032SE + Level 1 Workshop,http://direct.nuvoton.com/img/p/9/2/3/923.jpg,首頁,31.9,31.9,10,0
427,NANO103LD3AE,,http://direct.nuvoton.com/img/p/5/5/6/556.jpg,Arm Cortex-M0,2.65,2.65,0,0
1033,KE-KA44169A,KE-KA44169A,http://direct.nuvoton.com/img/p/1/4/7/5/1475.jpg,1-Phase Brushless DC KA44 Series,102,102,5,1
139,ISP-ICP programmer,NWR-005,http://direct.nuvoton.com/img/p/1/5/7/157.jpg,首頁,20,20,16,1
559,Quectel-BG96A,RF-BG96A,http://direct.nuvoton.com/img/p/8/1/2/812.jpg,首頁,31.5,31.5,0,1
358,NE-NAU82011V,,http://direct.nuvoton.com/img/p/4/2/6/426.jpg,首頁,70,70,3,0
878,NuMaker-IoT-MA35D1-A1,NK-IMA35D1A1,http://direct.nuvoton.com/img/p/1/3/2/1/1321.jpg,MA35D1 Series,129,129,1,1
83,NANO100NE3BN,,http://direct.nuvoton.com/img/p/1/0/3/103.jpg,Arm Cortex-M0,2.45,2.45,0,1
143,NuMaker-PFM-NUC472 (mbed based),NK-BEDNUC472,http://direct.nuvoton.com/img/p/1/8/5/185.jpg,首頁,49.9,49.9,0,0
361,NAU8814YG,,http://direct.nuvoton.com/img/p/4/2/9/429.jpg,首頁,1.38,1.38,264,1
881,NuMaker- M251KG,NK-M251KG,http://direct.nuvoton.com/img/p/1/3/2/4/1324.jpg,M251/M252 Series,25,25,38,1
86,NANO100LE3BN,,http://direct.nuvoton.com/img/p/1/0/6/106.jpg,Arm Cortex-M0,2.6,2.6,136,1
714,M251ZC2AE,,http://direct.nuvoton.com/img/p/1/1/1/2/1112.jpg,首頁,1.125,1.13,207,0
302,NUC230LE3AE,,http://direct.nuvoton.com/img/p/3/7/0/370.jpg,Arm Cortex-M0,3.45,3.45,285,1
499,NuMaker-IIoT-NUC980,NK-980IOT,http://direct.nuvoton.com/img/p/7/2/5/725.jpg,首頁,79,79,0,1
821,KFJ4B01110L(T),,http://direct.nuvoton.com/img/p/1/5/4/2/1542.jpg,MOSFET,0.5,0.5,80,1
30,M452RD3AE,,http://direct.nuvoton.com/img/p/4/6/46.jpg,Arm Cortex-M4,2.032,2.03,0,1
1173,KE-K44370USB,KE-K44370USB,http://direct.nuvoton.com/img/p/1/6/2/9/1629.jpg,首頁,267,267,5,1
222,M451LE6AE,,http://direct.nuvoton.com/img/p/2/6/2/262.jpg,Arm Cortex-M4,2.208,2.21,0,1
636,NAU83G20VG,,http://direct.nuvoton.com/img/p/9/4/8/948.jpg,Audio,2.24,2.24,0,0
438,NuMaker-PFM-M2351,NK-BEDM2351,http://direct.nuvoton.com/img/p/5/7/6/576.jpg,首頁,69,69,14,1
1044,FK4B01100L(T),FK4B01100LE,http://direct.nuvoton.com/img/p/1/5/3/8/1538.jpg,MOSFET,0.381,0.38,1000,1
163,NANO102ZB1AN,,http://direct.nuvoton.com/img/p/1/9/4/194.jpg,Arm Cortex-M0,1.95,1.95,288,1
572,NuMaker-M2351SF,NK-M2351SF,http://direct.nuvoton.com/img/p/8/5/1/851.jpg,首頁,59,59,1,1
783,M481LGCAE,,http://direct.nuvoton.com/img/p/1/1/6/3/1163.jpg,首頁,2.208,2.21,0,1
371,NuTiny-M051L (India Workshop Only),NT-M051L,http://direct.nuvoton.com/img/p/4/3/7/437.jpg,Tool,25,25,10,0
889,M256SE3AE,,http://direct.nuvoton.com/img/p/1/3/4/4/1344.jpg,Arm Cortex-M23,2.375,2.38,235,1
94,NANO102LC2AN,,http://direct.nuvoton.com/img/p/1/1/4/114.jpg,Arm Cortex-M0,2.15,2.15,668,1
723,ML51SD1AE,,http://direct.nuvoton.com/img/p/1/1/2/0/1120.jpg,首頁,1.62,1.62,137,1
310,NANO120LE3BN,,http://direct.nuvoton.com/img/p/3/7/7/377.jpg,Arm Cortex-M0,2.6,2.6,110,1
507,ML51UC0AE,,http://direct.nuvoton.com/img/p/7/1/9/719.jpg,首頁,1.29,1.29,451,1
829,KA49503A-BB,,http://direct.nuvoton.com/img/p/1/2/2/0/1220.jpg,Analog ICs,5,5,0,1
38,NUC505DL13Y,,http://direct.nuvoton.com/img/p/5/4/54.jpg,Arm Cortex-M4,2.48,2.48,100,1
1193,MS51EB0AE,MS51EB0AE  ,http://direct.nuvoton.com/img/p/1/6/3/9/1639.jpg,8bit 8051 MCUs,0.75,0.75,71,1
233,NANO130KC2BN,,http://direct.nuvoton.com/img/p/2/8/8/288.jpg,Arm Cortex-M0,3.025,3.03,90,1
644,M482ZGCAE,,http://direct.nuvoton.com/img/p/9/6/2/962.jpg,Arm Cortex-M4,2.208,2.21,520,1
446,M2351ZIAAE,,http://direct.nuvoton.com/img/p/5/8/3/583.jpg,Arm Cortex-M23,4.025,4.03,379,1
1053,KFCAB21520L(T),KFCAB21520LE,http://direct.nuvoton.com/img/p/1/4/9/8/1498.jpg,MOSFET,0.563,0.56,1000,1
171,Learning Board of NUC140 Series,NL-NUC140V,http://direct.nuvoton.com/img/p/2/0/7/207.jpg,NuMaker Kit,99,99,0,0
581,M031LG6AE,,http://direct.nuvoton.com/img/p/8/6/7/867.jpg,Arm Cortex-M0,2.3,2.3,310,1
791,M482SE8AE,,http://direct.nuvoton.com/img/p/1/1/7/1/1171.jpg,首頁,2.112,2.11,235,1
381,[永久關閉] N76E003AT20 (x10 Bundle),,http://direct.nuvoton.com/img/p/4/6/3/463.jpg,8bit 8051 MCUs,2.88,2.88,0,0
897,NuMaker-M071VG,NK-M071VG,http://direct.nuvoton.com/img/p/1/3/7/5/1375.jpg,首頁,25,25,7,1
102,W78E516DPG,,http://direct.nuvoton.com/img/p/1/2/2/122.jpg,8bit 8051 MCUs,2.52,2.52,275,1
731,NUC980DF61YC,,http://direct.nuvoton.com/img/p/1/1/2/7/1127.jpg,首頁,7.68,7.68,317,1
318,NUC240SD2AE,,http://direct.nuvoton.com/img/p/3/8/7/387.jpg,Arm Cortex-M0,3.75,3.75,250,1
517,M031EB0AE,,http://direct.nuvoton.com/img/p/7/3/4/734.jpg,Arm Cortex-M0,0.625,0.63,307,1
837,NUC972DF61YC,,http://direct.nuvoton.com/img/p/1/2/3/0/1230.jpg,Arm Cortex-M4,7.6,7.6,40,0
46,MINI52ZDE,,http://direct.nuvoton.com/img/p/6/2/62.jpg,Arm Cortex-M0,1.275,1.28,490,1
1203,M2L31SGDAE,M2L31SGDAE,http://direct.nuvoton.com/img/p/1/6/5/2/1652.jpg,Arm Cortex-M23,3.75,3.75,0,1
242,W78E054DDG,,http://direct.nuvoton.com/img/p/3/0/0/300.jpg,8bit 8051 MCUs,1.89,1.89,268,1
653,NAU85L40YGB,,http://direct.nuvoton.com/img/p/9/7/8/978.jpg,首頁,1.12,1.12,564,1
455,NU-LINK2,NU-LINK2,http://direct.nuvoton.com/img/p/5/9/7/597.jpg,首頁,39,39,0,0
1061,KFCAB21C00L(T),KFCAB21C00LE,http://direct.nuvoton.com/img/p/1/5/0/6/1506.jpg,MOSFET,0.779,0.78,880,1
180,NUC472JI8AE,,http://direct.nuvoton.com/img/p/2/3/3/233.jpg,Arm Cortex-M4,12.7,12.7,0,0
590,M031KIAAE,,http://direct.nuvoton.com/img/p/8/8/2/882.jpg,Arm Cortex-M0,4.05,4.05,370,1
393,[N76E003 Big Bundle],NT-N76E003+Nu-Link+Chipx100,http://direct.nuvoton.com/img/p/4/8/3/483.jpg,NuMicro® Family,126,126,0,0
967,NuMaker-IoT-M467,NK-IoTM467,http://direct.nuvoton.com/img/p/1/4/3/5/1435.jpg,NuMaker Board,80,80,17,1
110,NuTiny-MINI51F (TSSOP20 package),NT-MINI51F,http://direct.nuvoton.com/img/p/4/9/4/494.jpg,Tool,20,20,23,1
739,M0A23OC1AC,,http://direct.nuvoton.com/img/p/1/1/3/5/1135.jpg,首頁,1.45,1.45,281,1
327,NM-ISD2100Q,,http://direct.nuvoton.com/img/p/4/0/6/406.jpg,首頁,46,46,6,1
525,MS51XB9AE,,http://direct.nuvoton.com/img/p/7/5/0/750.jpg,NuMicro® Family,0.53,0.53,540,1
845,N9H30K63IEC,,http://direct.nuvoton.com/img/p/1/2/5/0/1250.jpg,首頁,7.2,7.2,118,1
54,M058SSAN,,http://direct.nuvoton.com/img/p/7/0/70.jpg,Arm Cortex-M0,1.925,1.93,145,1
1217,NAU88L21CYG,NAU88L21CYG,http://direct.nuvoton.com/img/p/1/6/6/0/1660.jpg,Audio Converters,1.16,1.16,490,1
252,NUC120RE3DN,,http://direct.nuvoton.com/img/p/3/2/0/320.jpg,Arm Cortex-M0,4.55,4.55,108,1
662,NuMaker-M251SD,NK-M251SD,http://direct.nuvoton.com/img/p/1/0/0/4/1004.jpg,M251/M252 Series,20,20,28,1
463,ISD-ES_MINI_USB,NU-ISDMINUSB,http://direct.nuvoton.com/img/p/6/1/1/611.jpg,首頁,26,26,0,1
1069,NuMaker-HMI-MA35H0-A1,NK-HMA35H0A1,http://direct.nuvoton.com/img/p/1/5/2/2/1522.jpg,MA35H0 Series,189,189,26,1
188,NUC505YLA,,http://direct.nuvoton.com/img/p/2/4/6/246.jpg,Arm Cortex-M4,2.48,2.48,422,1
600,ISD91260BRI,I91260BRI,http://direct.nuvoton.com/img/p/9/0/4/904.jpg,首頁,2.3,2.3,0,1
403,M0564LG4AE,,http://direct.nuvoton.com/img/p/5/0/8/508.jpg,Arm Cortex-M0,3.175,3.18,0,1
996,NuMaker-HMI-M467,NK-HMIM467 ,http://direct.nuvoton.com/img/p/1/5/8/3/1583.jpg,M467 Ethernet/Crypto Series,160,160,15,1
118,NuTiny-NUC100V,NT-NUC100V,http://direct.nuvoton.com/img/p/1/5/8/158.jpg,Tool,20,20,19,0
532,NUC980DR61YC,,http://direct.nuvoton.com/img/p/7/8/0/780.jpg,首頁,6.72,6.72,185,1
747,M251LE3AE,,http://direct.nuvoton.com/img/p/1/1/4/1/1141.jpg,首頁,1.625,1.63,170,1
335,ISD3800FYI,I3800FYI,http://direct.nuvoton.com/img/p/3/9/8/398.jpg,首頁,3.26,3.26,579,1
853,NUC980DK63YC,,http://direct.nuvoton.com/img/p/1/2/6/5/1265.jpg,首頁,7.36,7.36,167,1
62,NUC120LC1DN,,http://direct.nuvoton.com/img/p/7/8/78.jpg,Arm Cortex-M0,3.025,3.03,250,1
260,NUC130RD2CN,,http://direct.nuvoton.com/img/p/3/3/1/331.jpg,Arm Cortex-M0,5.03,5.03,0,0
275,NANO100KE3BN,,http://direct.nuvoton.com/img/p/3/4/5/345.jpg,Arm Cortex-M0,2.875,2.88,77,1
1082,M091YD2AE,M091YD2AE,http://direct.nuvoton.com/img/p/1/5/5/0/1550.jpg,M091 Series,2.75,2.75,321,1
197,NUC442JI8AE,,http://direct.nuvoton.com/img/p/2/4/1/241.jpg,Arm Cortex-M4,12.7,12.7,0,0
612,[學會使用 NuMicro 微控制器 ] 2. Timer,,http://direct.nuvoton.com/img/p/9/1/2/912.jpg,Training Video,9.9,9.9,98,0
413,NUC029LAN,,http://direct.nuvoton.com/img/p/5/2/6/526.jpg,Arm Cortex-M0,1.5,1.5,4081,1
1009,NuMaker-MG51FC,NK-MG51FC,http://direct.nuvoton.com/img/p/1/4/6/2/1462.jpg,8051 Development Tool,25,25,12,1
126,NuTiny-Nano100K,NT-Nano100K,http://direct.nuvoton.com/img/p/1/4/4/144.jpg,Tool,20,20,0,1
540,M263KIAAE,,http://direct.nuvoton.com/img/p/7/7/9/779.jpg,首頁,4.45,4.45,118,1
755,M252FC2AE,,http://direct.nuvoton.com/img/p/1/1/4/9/1149.jpg,首頁,1,1,751,1
344,ISD17120SYI,I17120SYI,http://direct.nuvoton.com/img/p/4/0/1/401.jpg,首頁,8.88,8.88,29,1
862,M471SE6AE,,http://direct.nuvoton.com/img/p/1/2/8/4/1284.jpg,M471 Series,1.664,1.66,128,1
70,NUC140RE3CN,,http://direct.nuvoton.com/img/p/8/8/88.jpg,Arm Cortex-M0,5.55,5.55,1160,0
268,MINI54LDE,,http://direct.nuvoton.com/img/p/3/3/8/338.jpg,Arm Cortex-M0,1.575,1.58,250,1
682,NM-N83G20SA,,http://direct.nuvoton.com/img/p/1/0/6/7/1067.jpg,首頁,599,599,0,1
284,NANO102SC2AN,,http://direct.nuvoton.com/img/p/3/5/3/353.jpg,Arm Cortex-M0,2.225,2.23,983,0
481,NuMaker-M032SE,NK-M032SE,http://direct.nuvoton.com/img/p/6/5/6/656.jpg,M032 Series,20,20,17,1
804,MS51FB9AE (8051),,http://direct.nuvoton.com/img/p/1/1/9/0/1190.jpg,NuMicro® Family,1.4691,1.47,0,0
1136,NuMaker-NUC1262SE,NK-NUC1262SE,http://direct.nuvoton.com/img/p/1/5/6/7/1567.jpg,NuMaker Board,25,25,19,1
205,M453LE6AE,,http://direct.nuvoton.com/img/p/2/1/7/217.jpg,Arm Cortex-M4,2.48,2.48,240,1
620,NUC029NAN,,http://direct.nuvoton.com/img/p/9/0/9/909.jpg,Arm Cortex-M0,1.875,1.88,470,1
422,M485KIDAE,,http://direct.nuvoton.com/img/p/5/4/4/544.jpg,Arm Cortex-M4,3.504,3.5,165,1
1021,M463KGCAE,M463KGCAE,http://direct.nuvoton.com/img/p/1/4/7/0/1470.jpg,M463 CAN FD/USB HS Series,3.04,3.04,350,1
134,NuTiny-M451V,NT-M451V,http://direct.nuvoton.com/img/p/1/5/2/152.jpg,Tool,20,20,0,1
554,MS51 Big Bundle Sale,NT-MS51FB+Nu-Link+Chipx100,http://direct.nuvoton.com/img/p/8/0/1/801.jpg,NuMicro® Family,108.1,108.1,0,0
763,M252ZC2AE,,http://direct.nuvoton.com/img/p/1/1/5/7/1157.jpg,首頁,1.125,1.13,424,1
353,ISD1964SYI,I1964SYI,http://direct.nuvoton.com/img/p/4/2/0/420.jpg,首頁,6.97,6.97,24,1
873,M254KE3AE,,http://direct.nuvoton.com/img/p/1/3/0/5/1305.jpg,M254/M256/M258 Low Power LCD Series ,2.63,2.63,155,1
78,NUC220SC2AN,,http://direct.nuvoton.com/img/p/9/7/97.jpg,Arm Cortex-M0,2.3,2.3,248,1
697,ML51TD1AE,,http://direct.nuvoton.com/img/p/1/0/9/0/1090.jpg,NuMicro® Family,1.35,1.35,370,1
292,NUC220LC2AN,,http://direct.nuvoton.com/img/p/3/6/0/360.jpg,Arm Cortex-M0,2.33,2.33,0,0
490,N32905U3DN,,http://direct.nuvoton.com/img/p/1/5/1/2/1512.jpg,Arm Cortex-M0,4.48,4.48,84,0
813,KFC4B21080L(T),,http://direct.nuvoton.com/img/p/1/5/3/2/1532.jpg,MOSFET,0.72,0.72,200,1
21,M4TKVG6AE,,http://direct.nuvoton.com/img/p/3/8/38.jpg,NuMicro® Family,2.944,2.94,68,0
1160,KA44370A-VB(T),KA44370A-VB,http://direct.nuvoton.com/img/p/1/5/9/9/1599.jpg,Analog ICs,1.07,1.07,90,1
628,MS51DA9AE,,http://direct.nuvoton.com/img/p/9/3/2/932.jpg,NuMicro® Family,0.57,0.57,181,1
430,M482LIDAE,,http://direct.nuvoton.com/img/p/5/5/5/555.jpg,Arm Cortex-M4,2.672,2.67,0,1
1036,KE-KA44143A,KE-KA44143A,http://direct.nuvoton.com/img/p/1/4/7/9/1479.jpg,3-Phase Brushless DC KA44 Series,84,84,0,1
25,M451RC3AE,,http://direct.nuvoton.com/img/p/4/1/41.jpg,Arm Cortex-M4,1.936,1.94,0,1
1163,NuMaker-HMI-N9H31-A2,NK-N9H31A2,http://direct.nuvoton.com/img/p/1/6/1/5/1615.jpg,N9H31 Series,179,179,14,1
216,M452RG6AE,,http://direct.nuvoton.com/img/p/2/5/0/250.jpg,Arm Cortex-M4,2.544,2.54,0,1
631,MS51FC0AE,,http://direct.nuvoton.com/img/p/9/3/7/937.jpg,NuMicro® Family,0.72,0.72,210,1
433,NuMaker-HMI-N9H30,NK-N9H30,http://direct.nuvoton.com/img/p/1/1/8/9/1189.jpg,NuMaker Kit,140,140,25,1
1039,N76S003AT20,N76S003AT20,http://direct.nuvoton.com/img/p/1/4/8/1/1481.jpg,8bit 8051 MCUs,0.22,0.22,28522,1
148,Learning Board of M451 Series,NL-M451V,http://direct.nuvoton.com/img/p/1/8/6/186.jpg,NuMaker Kit,64.6,64.6,4,1
566,NUC029LGE,,http://direct.nuvoton.com/img/p/8/3/8/838.jpg,Arm Cortex-M0,2.6,2.6,690,1
366,NV-NAU88C22,,http://direct.nuvoton.com/img/p/4/3/2/432.jpg,首頁,126,126,0,1
884,M258SG6AE,,http://direct.nuvoton.com/img/p/1/3/3/4/1334.jpg,Arm Cortex-M23,3,3,240,1
89,NANO110SC2BN,,http://direct.nuvoton.com/img/p/1/0/9/109.jpg,Arm Cortex-M0,2.45,2.45,250,1
717,M252SD2AE,,http://direct.nuvoton.com/img/p/1/1/0/7/1107.jpg,首頁,1.55,1.55,177,1
305,NANO120LC2BN,,http://direct.nuvoton.com/img/p/3/7/2/372.jpg,Arm Cortex-M0,2.15,2.15,0,0
502,ML51EB9AE,,http://direct.nuvoton.com/img/p/7/0/9/709.jpg,NuMicro® Family,0.99,0.99,171,1
824,KA44168A-VB(T),,http://direct.nuvoton.com/img/p/1/2/1/5/1215.jpg,Analog ICs,0.58,0.58,1440,1
33,M453RD3AE,,http://direct.nuvoton.com/img/p/4/9/49.jpg,Arm Cortex-M4,2.304,2.3,0,1
1182,NuMaker-Lighting-ARGB,NK-ARGBLED,http://direct.nuvoton.com/img/p/1/6/3/2/1632.jpg,Arm Cortex-M23,43,43,13,1
227,M052ZDN,,http://direct.nuvoton.com/img/p/2/8/2/282.jpg,Arm Cortex-M0,1.35,1.35,360,1
639,NAU8325YG,,http://direct.nuvoton.com/img/p/9/5/4/954.jpg,首頁,0.84,0.84,1002,1
1047,FK9B0439ZL(T),FK9B0439ZLE,http://direct.nuvoton.com/img/p/1/4/9/0/1490.jpg,MOSFET,1.069,1.07,1000,1
166,M0519VE3AE,,http://direct.nuvoton.com/img/p/1/9/6/196.jpg,Arm Cortex-M0,4.025,4.03,90,1
575,N9H30F71IEC,,http://direct.nuvoton.com/img/p/8/5/7/857.jpg,首頁,8.8,8.8,0,1
786,M481ZE8AE,,http://direct.nuvoton.com/img/p/1/1/6/6/1166.jpg,首頁,1.744,1.74,550,1
374,[NuMaker Bundle] PFM-NUC472 + Uni,NK-BEDNUC472 + NK-UNI00,http://direct.nuvoton.com/img/p/4/4/7/447.jpg,NuMaker Kit,70.52,70.52,0,0
892,M032TC1AE,,http://direct.nuvoton.com/img/p/1/3/6/3/1363.jpg,Arm Cortex-M0,0.8,0.8,512,1
97,NANO112VC2AN,,http://direct.nuvoton.com/img/p/1/1/7/117.jpg,Arm Cortex-M0,2.725,2.73,90,1
726,ML56LD1AE,,http://direct.nuvoton.com/img/p/1/1/2/3/1123.jpg,首頁,2.07,2.07,333,1
313,NUC240LC2AE,,http://direct.nuvoton.com/img/p/3/8/1/381.jpg,Arm Cortex-M0,3.3,3.3,250,1
832,KA49522A-VB,,http://direct.nuvoton.com/img/p/1/2/2/3/1223.jpg,Analog ICs,5.72,5.72,0,0
41,MINI51TDE,,http://direct.nuvoton.com/img/p/5/7/57.jpg,Arm Cortex-M0,1.1,1.1,470,1
1196,NuMaker-KE-NUMM7C04T,KE-NUMM7C04T,http://direct.nuvoton.com/img/p/1/6/4/7/1647.jpg,M7 Development Tool,30,30,6,1
236,M052ZDE,,http://direct.nuvoton.com/img/p/2/9/4/294.jpg,Arm Cortex-M0,1.575,1.58,840,1
648,NuMaker-M252KG,NK-M252KG,http://direct.nuvoton.com/img/p/9/6/8/968.jpg,M251/M252 Series,25,25,15,1
450,M451MLG6AE x 200 Bundle,,http://direct.nuvoton.com/img/p/5/8/7/587.jpg,Arm Cortex-M4,478.4,478.4,0,0
1056,KFCAB22630L(T),KFCAB22630LE,http://direct.nuvoton.com/img/p/1/5/0/1/1501.jpg,MOSFET,0.775,0.78,910,1
175,MINI58ZDE,,http://direct.nuvoton.com/img/p/2/1/2/212.jpg,Arm Cortex-M0,1.375,1.38,247,1
585,M031KG6AE,,http://direct.nuvoton.com/img/p/8/7/2/872.jpg,Arm Cortex-M0,2.7,2.7,80,1
794,M482ZGCAE,,http://direct.nuvoton.com/img/p/1/1/7/4/1174.jpg,首頁,2.54,2.54,0,0
385,NAU8810YG,,http://direct.nuvoton.com/img/p/4/6/8/468.jpg,首頁,1.1,1.1,5480,1
900,NuMaker- MUG51TB,NK-MUG51TB,http://direct.nuvoton.com/img/p/1/3/8/7/1387.jpg,NuMicro® Family,25,25,22,1
105,N78E366AFG,,http://direct.nuvoton.com/img/p/1/2/5/125.jpg,8bit 8051 MCUs,2.34,2.34,0,0
734,NUC980DK71YC,,http://direct.nuvoton.com/img/p/1/1/3/0/1130.jpg,首頁,8.48,8.48,238,0
321,NM-ISD9160,,http://direct.nuvoton.com/img/p/4/0/4/404.jpg,首頁,79,79,1,1
520,M031TD2AE,,http://direct.nuvoton.com/img/p/7/4/0/740.jpg,Arm Cortex-M0,0.875,0.88,319,1
840,M032BTAIAAN,,http://direct.nuvoton.com/img/p/1/2/3/8/1238.jpg,Arm Cortex-M0,5.5,5.5,234,0
49,M054ZDN,,http://direct.nuvoton.com/img/p/6/5/65.jpg,Arm Cortex-M0,1.525,1.53,495,1
1208,M2L31LGDAE,M2L31LGDAE,http://direct.nuvoton.com/img/p/1/6/5/5/1655.jpg,Arm Cortex-M23,3.25,3.25,250,1
246,NANO130SE3BN,,http://direct.nuvoton.com/img/p/3/0/8/308.jpg,Arm Cortex-M0,2.875,2.88,240,1
656,NU-LINK-GANG,NU-LINK-GANG,http://direct.nuvoton.com/img/p/9/8/8/988.jpg,首頁,180,180,0,1
458,NuMaker-IoT-M487,NK-IOTM487,http://direct.nuvoton.com/img/p/9/8/9/989.jpg,M487 Ethernet Series,66.66,66.66,10,1
1064,KFCAB21B30L(T),KFCAB21B30LE,http://direct.nuvoton.com/img/p/1/4/9/4/1494.jpg,MOSFET,0.34,0.34,858,1
183,NUC442VI8AE,,http://direct.nuvoton.com/img/p/2/3/6/236.jpg,Arm Cortex-M4,7.36,7.36,214,1
594,M032SG6AE,,http://direct.nuvoton.com/img/p/8/8/9/889.jpg,Arm Cortex-M0,2.55,2.55,145,1
397,M451MLE6AE,,http://direct.nuvoton.com/img/p/4/8/9/489.jpg,Arm Cortex-M4,2.208,2.21,279,1
971,NuTiny-NM1120,NT-NM1120,http://direct.nuvoton.com/img/p/1/4/3/9/1439.jpg,Tool,25,25,4,1
113,NuTiny-M051L,NT-M051L,http://direct.nuvoton.com/img/p/1/3/3/133.jpg,Tool,20,20,0,0
330,NM-ISD2360Q,,http://direct.nuvoton.com/img/p/4/0/8/408.jpg,首頁,49,49,8,1
848,NUC976DK63YC,,http://direct.nuvoton.com/img/p/1/2/5/5/1255.jpg,Arm Cortex-M4,7.36,7.36,187,1
57,M0518SD2AE,,http://direct.nuvoton.com/img/p/7/3/73.jpg,Arm Cortex-M0,2.5,2.5,341,1
255,M052LDE,,http://direct.nuvoton.com/img/p/3/2/4/324.jpg,Arm Cortex-M0,1.6,1.6,0,1
270,MINI58LDE,,http://direct.nuvoton.com/img/p/3/3/9/339.jpg,Arm Cortex-M0,1.65,1.65,141,1
1073,NUC1263SD4CE,NUC1263SD4CE,http://direct.nuvoton.com/img/p/1/5/2/8/1528.jpg,NUC1263 Series,3,3,234,1
191,NUC442RG8AE,,http://direct.nuvoton.com/img/p/2/3/9/239.jpg,Arm Cortex-M4,6.35,6.35,0,0
606,M451LC3AE (Q),,http://direct.nuvoton.com/img/p/9/0/3/903.jpg,NuMicro® Family,1000,1000,0,0
407,NuTiny-NUC029L,NT-NUC029L,http://direct.nuvoton.com/img/p/5/1/6/516.jpg,首頁,20,20,11,1
1000,M467JJHAN,M467JJHAN,http://direct.nuvoton.com/img/p/1/4/4/9/1449.jpg,MCU,7.2,7.2,307,1
121,NuTiny-NUC123S,NT-NUC123S,http://direct.nuvoton.com/img/p/1/2/3/2/1232.jpg,Tool,20,20,0,1
535,M262ZIAAE,,http://direct.nuvoton.com/img/p/7/7/0/770.jpg,首頁,3.875,3.88,490,1
750,M251SD2AE, ,http://direct.nuvoton.com/img/p/1/1/4/4/1144.jpg,首頁,1.55,1.55,1637,1
338,ISD3900FYI,I3900FYI,http://direct.nuvoton.com/img/p/3/9/9/399.jpg,首頁,3.26,3.26,189,1
857,NuMaker-M471KI,NK-M471KI,http://direct.nuvoton.com/img/p/1/2/7/3/1273.jpg,M471 Series,42.99,42.99,15,1
65,NUC120RD2DN,,http://direct.nuvoton.com/img/p/8/1/81.jpg,Arm Cortex-M0,3.875,3.88,23,1
263,NUC130RE3CN,,http://direct.nuvoton.com/img/p/3/3/4/334.jpg,Arm Cortex-M0,5.23,5.23,130,0
677,NM-N83G10MA,,http://direct.nuvoton.com/img/p/1/0/5/6/1056.jpg,首頁,399,399,2,1
278,NANO100NC2BN,,http://direct.nuvoton.com/img/p/3/4/7/347.jpg,Arm Cortex-M0,2.15,2.15,66,1
474,M451MLC3AE,,http://direct.nuvoton.com/img/p/6/3/1/631.jpg,Arm Cortex-M4,2,2,250,0
1127,KM864741,KM864741,http://direct.nuvoton.com/img/p/1/5/6/0/1560.jpg,Nuvoton Japan_01,8.28,8.28,3487,1
200,W78E052DFG,,http://direct.nuvoton.com/img/p/2/7/7/277.jpg,8bit 8051 MCUs,1.74,1.74,0,1
615,[學會使用 NuMicro 微控制器] 5. SPI,,http://direct.nuvoton.com/img/p/9/1/5/915.jpg,Training Video,9.9,9.9,98,0
417,M482SIDAE,,http://direct.nuvoton.com/img/p/5/3/4/534.jpg,Arm Cortex-M4,2.768,2.77,459,1
129,NuTiny-Nano102S,NT-Nano102S,http://direct.nuvoton.com/img/p/1/4/7/147.jpg,Tool,20,20,8,1
545,M481LIDAE,,http://direct.nuvoton.com/img/p/7/8/6/786.jpg,Arm Cortex-M4,2.48,2.48,200,1
758,M252LD2AE,,http://direct.nuvoton.com/img/p/1/1/5/2/1152.jpg,首頁,1.5,1.5,398,1
347,NC-ISD1760,,http://direct.nuvoton.com/img/p/4/0/3/403.jpg,首頁,11,11,16,1
868,NuMaker -M258KG,NK-M258KG,http://direct.nuvoton.com/img/p/1/2/9/6/1296.jpg,NuMicro® Family,45,45,28,1
73,NUC200LC2AN,,http://direct.nuvoton.com/img/p/9/1/91.jpg,Arm Cortex-M0,2.025,2.03,0,1
685,NuMaker-M031BTYE,NK-M031BTYE,http://direct.nuvoton.com/img/p/1/0/7/1/1071.jpg,首頁,35,35,18,1
287,NANO110KD2BN,,http://direct.nuvoton.com/img/p/3/5/6/356.jpg,Arm Cortex-M0,3.65,3.65,0,0
485,NuTiny-ML51EB,NT-ML51EB,http://direct.nuvoton.com/img/p/6/6/4/664.jpg,首頁,25,25,12,1
10,MM451LD3AE(Q),,http://direct.nuvoton.com/img/p/2/5/25.jpg,NuMicro® Family,400,400,1362,0
1139,KE-KA44171A,KE-KA44171A,http://direct.nuvoton.com/img/p/1/5/8/0/1580.jpg,Nuvoton Japan_01,120,120,5,1
208,M453VD3AE,,http://direct.nuvoton.com/img/p/2/2/3/223.jpg,Arm Cortex-M4,2.4,2.4,60,1
623,NuMaker-M031TC+[學會使用 NuMicro 微控制器] 全系列課程限量特惠,NK-M031TC + Level 1 Workshop,http://direct.nuvoton.com/img/p/9/2/0/920.jpg,首頁,31.9,31.9,10,0
425,M487KIDAE,,http://direct.nuvoton.com/img/p/5/5/0/550.jpg,Arm Cortex-M4,3.584,3.58,9,1
1026,M463LGCAE,M463LGCAE,http://direct.nuvoton.com/img/p/1/4/7/1/1471.jpg,M463 CAN FD/USB HS Series,2.64,2.64,212,1
137,NuTiny-N79E715,NT-N79E715,http://direct.nuvoton.com/img/p/1/5/5/155.jpg,Tool,25,25,2,1
557,M032LE3AE,,http://direct.nuvoton.com/img/p/8/0/5/805.jpg,Arm Cortex-M0,1.25,1.25,7367,1
766,M2354SJFAE,,http://direct.nuvoton.com/img/p/1/1/7/9/1179.jpg,首頁,5.025,5.03,211,1
356,NT-ISD8101,,http://direct.nuvoton.com/img/p/4/2/3/423.jpg,首頁,14,14,3,1
876,M256KE3AE,,http://direct.nuvoton.com/img/p/1/3/1/1/1311.jpg,首頁,2.75,2.75,325,1
81,NUC230LC2AE,,http://direct.nuvoton.com/img/p/1/0/0/100.jpg,Arm Cortex-M0,3.025,3.03,250,1
707,ML56SD1AE,,http://direct.nuvoton.com/img/p/1/0/9/2/1092.jpg,首頁,2.13,2.13,250,1
296,NANO110SE3BN,,http://direct.nuvoton.com/img/p/3/6/5/365.jpg,Arm Cortex-M0,2.875,2.88,435,1
493,ML51BB9AE,,http://direct.nuvoton.com/img/p/6/9/9/699.jpg,NuMicro® Family,0.72,0.72,124,1
816,KFC4B21320L(T),,http://direct.nuvoton.com/img/p/1/5/3/5/1535.jpg,MOSFET,0.44,0.44,200,1
879,NuMaker-HMI-MA35D1-S1,NK-HMA35D1S1,http://direct.nuvoton.com/img/p/1/3/5/7/1357.jpg,Application,259,259,11,1
84,NANO100LC2BN,,http://direct.nuvoton.com/img/p/1/0/4/104.jpg,Arm Cortex-M0,2.3,2.3,75,1
712,M251KG6AE,,http://direct.nuvoton.com/img/p/1/1/1/0/1110.jpg,首頁,2.5,2.5,280,1
300,NANO112SC2AN,,http://direct.nuvoton.com/img/p/3/6/8/368.jpg,Arm Cortex-M0,2.35,2.35,80,1
496,ML51FB9AE,,http://direct.nuvoton.com/img/p/7/0/2/702.jpg,NuMicro® Family,0.84,0.84,256,1
819,KFC4B22690L(T),,http://direct.nuvoton.com/img/p/1/5/3/7/1537.jpg,MOSFET,0.41,0.41,1000,1
28,M452LD3AE,,http://direct.nuvoton.com/img/p/4/4/44.jpg,Arm Cortex-M4,1.936,1.94,250,1
1166,Magic Board,NK-MAGICBD,http://direct.nuvoton.com/img/p/1/6/2/3/1623.jpg,NuMaker Board,22,22,19,1
220,M451VG6AE,,http://direct.nuvoton.com/img/p/2/5/8/258.jpg,Arm Cortex-M4,2.576,2.58,400,1
634,MS51PC0AE,,http://direct.nuvoton.com/img/p/9/4/3/943.jpg,NuMicro® Family,0.99,0.99,0,1
436,M481SGAAE,,http://direct.nuvoton.com/img/p/5/6/9/569.jpg,Arm Cortex-M4,2.304,2.3,135,0
1042,FCAB21A60L(T),FCAB21A60LE,http://direct.nuvoton.com/img/p/1/4/8/5/1485.jpg,MOSFET,0.524,0.52,945,1
156,W77E058A40DL,,http://direct.nuvoton.com/img/p/1/9/0/190.jpg,8bit 8051 MCUs,8.22,8.22,10000,0
569,N9H20K51N,,http://direct.nuvoton.com/img/p/8/4/6/846.jpg,首頁,4.48,4.48,195,1
369,NuTiny-Nano103S,NT-Nano103S,http://direct.nuvoton.com/img/p/4/3/5/435.jpg,Tool,25,25,0,0
887,M256MD2AE,,http://direct.nuvoton.com/img/p/1/5/1/9/1519.jpg,Arm Cortex-M23,1.88,1.88,215,1
92,NANO120KE3BN,,http://direct.nuvoton.com/img/p/1/1/2/112.jpg,Arm Cortex-M0,3.3,3.3,98,1
720,M032TD2AE,,http://direct.nuvoton.com/img/p/1/1/1/8/1118.jpg,首頁,0.925,0.93,675,1
308,NUC230SE3AE,,http://direct.nuvoton.com/img/p/3/7/8/378.jpg,Arm Cortex-M0,3.6,3.6,366,1
505,ML51TB9AE,,http://direct.nuvoton.com/img/p/7/1/5/715.jpg,NuMicro® Family,1.08,1.08,130,1
827,KA44170A-VB(T),,http://direct.nuvoton.com/img/p/1/2/1/8/1218.jpg,Analog ICs,0.72,0.72,1479,1
36,NUC442KI8AE,,http://direct.nuvoton.com/img/p/5/2/52.jpg,Arm Cortex-M4,9.2,9.2,82,1
230,M054LDN,,http://direct.nuvoton.com/img/p/2/8/5/285.jpg,Arm Cortex-M0,1.575,1.58,0,1
444,M2351KIAAE,,http://direct.nuvoton.com/img/p/5/8/1/581.jpg,Arm Cortex-M23,4.175,4.18,220,1
1050,KFC4B22270L(T),KFC4B22270LE,http://direct.nuvoton.com/img/p/1/4/9/3/1493.jpg,MOSFET,0.285,0.29,1000,1
169,M451MLG6AE,,http://direct.nuvoton.com/img/p/2/0/2/202.jpg,Arm Cortex-M4,2.304,2.3,245,1
578,M031LC2AE,,http://direct.nuvoton.com/img/p/8/6/9/869.jpg,Arm Cortex-M0,0.85,0.85,445,1
789,M482LE8AE,,http://direct.nuvoton.com/img/p/1/1/6/9/1169.jpg,首頁,2.032,2.03,292,1
379,NuTiny-M0564V,NT-M0564V,http://direct.nuvoton.com/img/p/4/5/6/456.jpg,Tool,20,20,9,1
895,NuMaker-M030GTD,NK-M030GTD,http://direct.nuvoton.com/img/p/1/3/6/5/1365.jpg,NuMicro® Family,35,35,30,1
100,W78E058DPG,,http://direct.nuvoton.com/img/p/1/2/0/120.jpg,8bit 8051 MCUs,2.28,2.28,84,1
729,N9H26K61N,,http://direct.nuvoton.com/img/p/1/1/2/5/1125.jpg,首頁,9.1,9.1,0,0
316,ISD9160FI,I9160FI,http://direct.nuvoton.com/img/p/3/9/3/393.jpg,首頁,2.47,2.47,46,1
514,M031FB0AE,,http://direct.nuvoton.com/img/p/7/3/2/732.jpg,Arm Cortex-M0,0.55,0.55,832,1
835,KM63Y1221-E1(T),,http://direct.nuvoton.com/img/p/1/2/2/6/1226.jpg,Communication & Interface LSIs,0.52,0.52,1107,0
44,MINI52FDE,,http://direct.nuvoton.com/img/p/6/0/60.jpg,Arm Cortex-M0,0.93,0.93,192,1
1201,NOP914,NOP914,http://direct.nuvoton.com/img/p/1/6/5/0/1650.jpg,Analog ICs,0.41,0.41,96,0
240,NANO130SC2BN,,http://direct.nuvoton.com/img/p/2/9/8/298.jpg,Arm Cortex-M0,2.45,2.45,101,1
651,NAU88L21YG,,http://direct.nuvoton.com/img/p/9/7/4/974.jpg,首頁,1.05,1.05,430,1
453,NUC029SEE,,http://direct.nuvoton.com/img/p/5/9/3/593.jpg,Arm Cortex-M0,2.45,2.45,250,1
1059,KFK9B0463ZL(T),KFK9B0463ZLE,http://direct.nuvoton.com/img/p/1/5/0/4/1504.jpg,MOSFET,1.069,1.07,1000,1
178,NUC472KI8AE,,http://direct.nuvoton.com/img/p/2/3/1/231.jpg,Arm Cortex-M4,9.2,9.2,0,0
588,M031KG8AE,,http://direct.nuvoton.com/img/p/8/7/8/878.jpg,Arm Cortex-M0,3.38,3.38,360,1
797,M485LIDAE,,http://direct.nuvoton.com/img/p/1/1/7/7/1177.jpg,首頁,3.136,3.14,0,1
391,NUC100RE3DN,,http://direct.nuvoton.com/img/p/4/8/0/480.jpg,Arm Cortex-M0,4.225,4.23,154,1
953,NuMaker-HMI-M2354,NK-HMIM2354,http://direct.nuvoton.com/img/p/1/4/2/5/1425.jpg,Application,100,100,14,1
108,NU-LINK,NU-LINK,http://direct.nuvoton.com/img/p/1/2/8/128.jpg,首頁,26,26,31,1
737,M0A21OC1AC,,http://direct.nuvoton.com/img/p/1/1/3/3/1133.jpg,首頁,1.375,1.38,268,1
324,NUC121ZC2AE,,http://direct.nuvoton.com/img/p/3/9/1/391.jpg,Arm Cortex-M0,1.525,1.53,646,1
523,M031LE3AE,,http://direct.nuvoton.com/img/p/7/4/6/746.jpg,Arm Cortex-M0,1.2,1.2,0,1
843,NuMaker-IoT-M2354C,NK-IOTM2354C,http://direct.nuvoton.com/img/p/1/2/4/5/1245.jpg,NuMicro® Family,179,179,0,1
52,M058SFAN,,http://direct.nuvoton.com/img/p/6/8/68.jpg,Arm Cortex-M0,1.3,1.3,294,1
1213,M2L31YIDAE,M2L31YIDAE,http://direct.nuvoton.com/img/p/1/6/5/8/1658.jpg,Arm Cortex-M23,3.5,3.5,0,1
250,NUC100VE3DN,,http://direct.nuvoton.com/img/p/3/1/6/316.jpg,Arm Cortex-M0,4.675,4.68,80,1
660,NuMaker-M032LD,NK-M032LD,http://direct.nuvoton.com/img/p/1/0/0/2/1002.jpg,NuMicro® Family,30,30,14,1
461,NuTiny-M4521S,NT-M4521S,http://direct.nuvoton.com/img/p/6/0/8/608.jpg,Tool,20,20,7,0
1067,NuMaker- ML54SD,NK-ML54SD,http://direct.nuvoton.com/img/p/1/5/1/0/1510.jpg,Tools For Microcontroller,30,30,28,1
186,NUC505DLA,,http://direct.nuvoton.com/img/p/2/4/4/244.jpg,Arm Cortex-M4,2.208,2.21,44,1
597,M032SG8AE,,http://direct.nuvoton.com/img/p/8/9/5/895.jpg,Arm Cortex-M0,3.38,3.38,920,1
400,W78E058DDG,,http://direct.nuvoton.com/img/p/5/0/6/506.jpg,8bit 8051 MCUs,2.28,2.28,255,1
974,NuTiny-NM1530,NT-NM1530,http://direct.nuvoton.com/img/p/1/4/4/2/1442.jpg,Tool,25,25,3,1
116,NuTiny-M0518S,NT-M0518S,http://direct.nuvoton.com/img/p/1/3/7/137.jpg,Tool,20,20,0,1
530,NUC980DF71YC,,http://direct.nuvoton.com/img/p/7/6/1/761.jpg,首頁,8.8,8.8,113,1
745,M251KE3AE,,http://direct.nuvoton.com/img/p/1/1/3/9/1139.jpg,首頁,2,2,984,1
333,NUC125SC2AE,,http://direct.nuvoton.com/img/p/3/9/6/396.jpg,Arm Cortex-M0,1.85,1.85,0,1
851,N32926U6DN,,http://direct.nuvoton.com/img/p/1/2/6/1/1261.jpg,Arm Cortex-M0,7.92,7.92,0,0
60,NUC100RD1DN,,http://direct.nuvoton.com/img/p/7/6/76.jpg,Arm Cortex-M0,3.45,3.45,186,1
258,M0518SC2AE,,http://direct.nuvoton.com/img/p/3/2/7/327.jpg,Arm Cortex-M0,2.375,2.38,250,1
672,NuTiny-SDK-NUC123,NT-NUC123SE,http://direct.nuvoton.com/img/p/1/0/4/0/1040.jpg,Tool,20,20,0,1
273,NANO100KD3BN,,http://direct.nuvoton.com/img/p/3/4/3/343.jpg,Arm Cortex-M0,2.725,2.73,186,1
469,N79E825ADG,,http://direct.nuvoton.com/img/p/6/2/7/627.jpg,8bit 8051 MCUs,1.44,1.44,250,1
1079,M091TD2AE,M091TD2AE,http://direct.nuvoton.com/img/p/1/5/4/8/1548.jpg,M091 Series,2.25,2.25,480,1
195,N78E366APG,,http://direct.nuvoton.com/img/p/2/7/2/272.jpg,8bit 8051 MCUs,2.34,2.34,0,0
411,NUC029TAN,,http://direct.nuvoton.com/img/p/5/2/2/522.jpg,Arm Cortex-M0,1.3,1.3,0,1
1005,M467SJHAN,M467SJHAN,http://direct.nuvoton.com/img/p/1/4/5/6/1456.jpg,M467 Ethernet/Crypto Series,5.28,5.28,288,1
124,NuTiny-NUC200V,NT-NUC200V,http://direct.nuvoton.com/img/p/1/5/9/159.jpg,Tool,20,20,21,1
538,M263ZIAAE,,http://direct.nuvoton.com/img/p/7/7/5/775.jpg,首頁,4.025,4.03,121,1
753,M251ZD2AE,,http://direct.nuvoton.com/img/p/1/1/4/7/1147.jpg,首頁,1.375,1.38,0,1
341,ISD17240SYI,I17240SYI,http://direct.nuvoton.com/img/p/4/0/0/400.jpg,首頁,11.73,11.73,22,1
860,M471MD6AE,,http://direct.nuvoton.com/img/p/1/2/8/1/1281.jpg,M471 Series,1.568,1.57,330,1
68,NUC130LE3CN,,http://direct.nuvoton.com/img/p/8/6/86.jpg,Arm Cortex-M0,5.03,5.03,0,0
266,NUC131LD2AE,,http://direct.nuvoton.com/img/p/3/3/6/336.jpg,Arm Cortex-M0,2.425,2.43,275,1
680,NM-N83G10SB,,http://direct.nuvoton.com/img/p/1/0/6/3/1063.jpg,首頁,599,599,5,1
281,NANO100SD3BN,,http://direct.nuvoton.com/img/p/3/5/0/350.jpg,Arm Cortex-M0,2.45,2.45,250,1
478,NuTiny-NUC029SGE,NT-NUC029SG,http://direct.nuvoton.com/img/p/6/6/8/668.jpg,首頁,20,20,0,1
802,M032FC1AE,,http://direct.nuvoton.com/img/p/1/1/8/5/1185.jpg,Arm Cortex-M0,0.675,0.68,202,1
1133,NUC1262NE4AE,NUC1262NE4AE,http://direct.nuvoton.com/img/p/1/5/6/5/1565.jpg,NUC1262 Series,2.75,2.75,416,1
203,NUC12SRE3DE,,http://direct.nuvoton.com/img/p/2/2/8/228.jpg,Arm Cortex-M0,5,5,156,0
618,[學會使用 NuMicro 微控制器] 7. ADC,,http://direct.nuvoton.com/img/p/9/1/7/917.jpg,Training Video,9.9,9.9,98,0
420,M484KIDAE,,http://direct.nuvoton.com/img/p/5/4/0/540.jpg,Arm Cortex-M4,3.216,3.22,272,1
1019,MG51XB9AE,MG51XB9AE,http://direct.nuvoton.com/img/p/1/4/6/7/1467.jpg,8bit 8051 MCUs,0.48,0.48,480,1
132,NuTiny-NUC472H,NT-NUC472H,http://direct.nuvoton.com/img/p/1/5/0/150.jpg,Tool,25,25,0,0
761,M252SE3AE,,http://direct.nuvoton.com/img/p/1/1/5/5/1155.jpg,首頁,1.75,1.75,218,1
351,ISD1620BSYI,I1620BSYI,http://direct.nuvoton.com/img/p/4/1/8/418.jpg,首頁,5.75,5.75,30,1
871,M253LE3AE,,http://direct.nuvoton.com/img/p/1/3/0/1/1301.jpg,首頁,1.75,1.75,0,1
76,NUC200SE3AN,,http://direct.nuvoton.com/img/p/9/5/95.jpg,Arm Cortex-M0,2.6,2.6,250,1
290,NUC200SD2AN,,http://direct.nuvoton.com/img/p/3/5/8/358.jpg,Arm Cortex-M0,2.45,2.45,0,0
488,M031TC1AE,,http://direct.nuvoton.com/img/p/6/3/7/637.jpg,Arm Cortex-M0,0.725,0.73,584,1
16,NuMaker-Uni (IoT Wearable Platform),NK-UNI00,http://direct.nuvoton.com/img/p/3/1/31.jpg,首頁,34,34,0,0
1158,NuMaker-IIoT-NUC980G1D,NK-980IOTG1D ,http://direct.nuvoton.com/img/p/1/5/9/2/1592.jpg,NUC980 Industrial control IoT series,89,89,24,1
211,W78E054DFG,,http://direct.nuvoton.com/img/p/2/7/9/279.jpg,8bit 8051 MCUs,1.89,1.89,288,1
626,NuMakerM483KG+[學會使用 NuMicro 微控制器] 全系列課程限量特惠,NK-M483KG + Level 1 Workshop,http://direct.nuvoton.com/img/p/9/2/4/924.jpg,首頁,31.9,31.9,10,0
428,NANO103SD3AE,,http://direct.nuvoton.com/img/p/5/5/7/557.jpg,Arm Cortex-M0,2.8,2.8,0,0
1034,KE-KA44169AB,KE-KA44169AB,http://direct.nuvoton.com/img/p/1/4/7/6/1476.jpg,1-Phase Brushless DC KA44 Series,102,102,5,1
140,NuMaker-Brick,NK-BRICK00,http://direct.nuvoton.com/img/p/1/6/3/163.jpg,首頁,109,109,17,1
359,NAU8223YG,,http://direct.nuvoton.com/img/p/4/2/7/427.jpg,首頁,0.62,0.62,280,1
1037,KU-KA44143A,KU-KA44143A,http://direct.nuvoton.com/img/p/1/4/7/8/1478.jpg,3-Phase Brushless DC KA44 Series,438,438,3,1
146,NUC131SD2AE,,http://direct.nuvoton.com/img/p/1/6/7/167.jpg,Arm Cortex-M0,2.6,2.6,384,1
563,M483KGCAE2A,,http://direct.nuvoton.com/img/p/8/2/9/829.jpg,Arm Cortex-M4,2.768,2.77,312,1
362,NV-NAU8814,,http://direct.nuvoton.com/img/p/4/3/0/430.jpg,首頁,206,206,2,1
882,M254SG6AE,,http://direct.nuvoton.com/img/p/1/5/2/1/1521.jpg,Arm Cortex-M23,2.75,2.75,245,1
87,NANO100SD2BN,,http://direct.nuvoton.com/img/p/1/0/7/107.jpg,Arm Cortex-M0,2.3,2.3,646,1
715,M252KG6AE,,http://direct.nuvoton.com/img/p/1/1/1/4/1114.jpg,首頁,2.5,2.5,270,1
303,NANO120KD3BN,,http://direct.nuvoton.com/img/p/3/7/1/371.jpg,Arm Cortex-M0,3.175,3.18,85,1
500,NuMaker-Server-NUC980,NK-980ETH2P,http://direct.nuvoton.com/img/p/7/2/4/724.jpg,首頁,89,89,12,1
822,KFJ4B01120L(T),,http://direct.nuvoton.com/img/p/1/5/4/3/1543.jpg,MOSFET,0.74,0.74,200,1
31,M453LC3AE,,http://direct.nuvoton.com/img/p/4/7/47.jpg,Arm Cortex-M4,2.112,2.11,0,1
1177,M2003FC1AE,M2003FC1AE,http://direct.nuvoton.com/img/p/1/6/3/0/1630.jpg,Arm Cortex-M23,0.59,0.59,348,1
223,M451RE6AE,,http://direct.nuvoton.com/img/p/2/6/6/266.jpg,Arm Cortex-M4,2.59,2.59,132,0
637,NAU82011YG,,http://direct.nuvoton.com/img/p/9/5/0/950.jpg,首頁,0.42,0.42,490,1
439,M451MSC3AE,,http://direct.nuvoton.com/img/p/5/7/5/575.jpg,Arm Cortex-M4,1.744,1.74,0,1
1045,FK4B01110L(T),FK4B01110LE,http://direct.nuvoton.com/img/p/1/5/3/9/1539.jpg,MOSFET,0.296,0.3,1000,1
164,M452LG6AE,,http://direct.nuvoton.com/img/p/1/9/2/192.jpg,Arm Cortex-M4,2.48,2.48,250,1
573,N9H26K51N,,http://direct.nuvoton.com/img/p/8/5/3/853.jpg,首頁,8.56,8.56,90,0
784,M481SE8AE,,http://direct.nuvoton.com/img/p/1/1/6/4/1164.jpg,首頁,2.032,2.03,0,1
372,[NuMaker Bundle] PFM-NUC472 + Uno,NK-BEDNUC472 + NK-UNO-131,http://direct.nuvoton.com/img/p/4/5/0/450.jpg,NuMaker Kit,49.92,49.92,0,0
890,M258KE3AE,,http://direct.nuvoton.com/img/p/1/3/5/3/1353.jpg,M254/M256/M258 Low Power LCD Series ,2.88,2.88,265,1
95,NANO112LB1AN,,http://direct.nuvoton.com/img/p/1/1/5/115.jpg,Arm Cortex-M0,2.15,2.15,250,1
724,ML54LD1AE,,http://direct.nuvoton.com/img/p/1/1/2/1/1121.jpg,首頁,1.74,1.74,221,1
311,NANO120SC2BN,,http://direct.nuvoton.com/img/p/3/7/9/379.jpg,Arm Cortex-M0,2.3,2.3,740,1
508,ML51PC0AE,,http://direct.nuvoton.com/img/p/7/2/1/721.jpg,NuMicro® Family,1.29,1.29,365,1
830,KA49511A-VB,,http://direct.nuvoton.com/img/p/1/2/2/1/1221.jpg,Analog ICs,4,4,190,1
39,NUC505YO13Y,,http://direct.nuvoton.com/img/p/5/5/55.jpg,Arm Cortex-M4,2.944,2.94,172,1
1194,NuMaker-KE-NUMM4B54T,KE-NUMM4B54T,http://direct.nuvoton.com/img/p/1/6/4/1/1641.jpg,M4 Development Tool,30,30,10,1
234,NANO130KD2BN,,http://direct.nuvoton.com/img/p/2/9/0/290.jpg,Arm Cortex-M0,3.175,3.18,80,1
645,NuMaker-M032KG,NK-M032KG,http://direct.nuvoton.com/img/p/9/6/5/965.jpg,NuMicro® Family,30,30,19,1
448,[M451 Big Bundle],NT-M451V+Nu-Link Pro+M451MLG6AE,http://direct.nuvoton.com/img/p/5/8/9/589.jpg,首頁,305.9,305.9,0,0
1054,KFCAB21770L(T),KFCAB21770LE,http://direct.nuvoton.com/img/p/1/4/9/9/1499.jpg,MOSFET,0.676,0.68,960,1
172,NUC240VE3AE,,http://direct.nuvoton.com/img/p/2/0/8/208.jpg,Arm Cortex-M0,4.175,4.18,0,1
582,M031SG6AE,,http://direct.nuvoton.com/img/p/8/7/0/870.jpg,Arm Cortex-M0,2.43,2.43,381,1
792,M482SGCAE,,http://direct.nuvoton.com/img/p/1/1/7/2/1172.jpg,首頁,2.4,2.4,0,1
382,NuTiny-NUC126V,NT-NUC126V,http://direct.nuvoton.com/img/p/4/6/4/464.jpg,Tool,25,25,0,1
898,NuMaker- M071R1E,NK-M071R1E,http://direct.nuvoton.com/img/p/1/3/7/9/1379.jpg,NuMicro® Family,25,25,6,1
103,N78E517AFG,,http://direct.nuvoton.com/img/p/1/2/3/123.jpg,8bit 8051 MCUs,2.94,2.94,0,0
732,NUC980DF71Y,,http://direct.nuvoton.com/img/p/1/1/2/8/1128.jpg,Korea Roadshow 2024,10.5,10.5,0,0
319,NUC240SE3AE,,http://direct.nuvoton.com/img/p/3/8/8/388.jpg,Arm Cortex-M0,3.875,3.88,95,1
518,M031TB0AE,,http://direct.nuvoton.com/img/p/7/3/6/736.jpg,Arm Cortex-M0,0.65,0.65,434,1
838,NUC977DK61Y,,http://direct.nuvoton.com/img/p/1/2/3/1/1231.jpg,Arm Cortex-M4,7,7,35,0
47,MINI54TDE,,http://direct.nuvoton.com/img/p/6/3/63.jpg,Arm Cortex-M0,1.475,1.48,440,1
1206,M2L31KGDAE,M2L31KGDAE,http://direct.nuvoton.com/img/p/1/6/5/3/1653.jpg,Arm Cortex-M23,3.88,3.88,87,1
243,NANO130SD2BN,,http://direct.nuvoton.com/img/p/3/0/3/303.jpg,Arm Cortex-M0,2.6,2.6,0,1
456,Nu-Trace,Nu-Trace,http://direct.nuvoton.com/img/p/5/9/9/599.jpg,首頁,99,99,0,0
1062,KFCAB21860L(T),KFCAB21860LE,http://direct.nuvoton.com/img/p/1/5/0/7/1507.jpg,MOSFET,0.569,0.57,1000,1
181,NUC472HG8AE,,http://direct.nuvoton.com/img/p/2/3/4/234.jpg,Arm Cortex-M4,18.4,18.4,15,0
592,M032SE3AE,,http://direct.nuvoton.com/img/p/8/8/5/885.jpg,Arm Cortex-M0,2.025,2.03,309,1
800,NUC126LG4AE,,http://direct.nuvoton.com/img/p/1/1/8/1/1181.jpg,Arm Cortex-M0,2.875,2.88,188,1
394,N76E003AT20 (x1000 Bundle),,http://direct.nuvoton.com/img/p/1/0/4/5/1045.jpg,8bit 8051 MCUs,862.5,862.5,0,0
968,NuMaker-M467HJ,NK-M467HJ,http://direct.nuvoton.com/img/p/1/5/8/1/1581.jpg,NuMaker Board,80,80,21,1
111,NuTiny-MINI51L,NT-MINI51L,http://direct.nuvoton.com/img/p/1/3/1/131.jpg,Tool,20,20,8,1
740,NUC131SD2AEU,,http://direct.nuvoton.com/img/p/1/1/3/6/1136.jpg,首頁,3.175,3.18,168,1
328,NT-ISD2100Q,,http://direct.nuvoton.com/img/p/4/0/7/407.jpg,首頁,12,12,12,1
846,NUC972DF61YC,,http://direct.nuvoton.com/img/p/1/2/5/1/1251.jpg,Arm Cortex-M4,7.68,7.68,0,0
55,M0518LC2AE,,http://direct.nuvoton.com/img/p/7/1/71.jpg,Arm Cortex-M0,2.55,2.55,0,0
253,NUC120VE3DN,,http://direct.nuvoton.com/img/p/3/2/2/322.jpg,Arm Cortex-M0,4.975,4.98,0,1
663,NuMaker-ML56SD,NK-ML56SD,http://direct.nuvoton.com/img/p/1/0/0/5/1005.jpg,首頁,40,40,25,1
464,M451RG6AE (Leo修改用),,http://direct.nuvoton.com/img/p/6/1/2/612.jpg,Arm Cortex-M4,4.03,4.03,0,0
1070,NUC1263ND4CE,NUC1263ND4CE,http://direct.nuvoton.com/img/p/1/5/2/6/1526.jpg,NUC1263 Series,3,3,359,1
189,NUC505DS13Y,,http://direct.nuvoton.com/img/p/2/4/7/247.jpg,Arm Cortex-M4,2.768,2.77,114,1
404,M0564VG4AE,,http://direct.nuvoton.com/img/p/5/0/9/509.jpg,Arm Cortex-M0,4.025,4.03,249,1
119,NuTiny-NUC120V,NT-NUC120V,http://direct.nuvoton.com/img/p/1/3/9/139.jpg,Tool,20,20,5,0
533,M261SIAAE,,http://direct.nuvoton.com/img/p/7/6/6/766.jpg,首頁,3.875,3.88,150,1
748,M251LG6AE,,http://direct.nuvoton.com/img/p/1/1/4/2/1142.jpg,首頁,2.125,2.13,200,1
336,NM-ISD3800,,http://direct.nuvoton.com/img/p/4/1/0/410.jpg,首頁,55,55,0,1
855,NUC980DR63YC,,http://direct.nuvoton.com/img/p/1/2/6/8/1268.jpg,首頁,6.72,6.72,186,1
63,NUC120LD2DN,,http://direct.nuvoton.com/img/p/7/9/79.jpg,Arm Cortex-M0,3.75,3.75,0,1
261,M0519LD3AE,,http://direct.nuvoton.com/img/p/3/3/0/330.jpg,Arm Cortex-M0,2.65,2.65,430,1
675,NV-NAU83G10S,,http://direct.nuvoton.com/img/p/1/0/5/8/1058.jpg,首頁,459,459,4,1
276,NUC140LE3CN,,http://direct.nuvoton.com/img/p/3/4/8/348.jpg,Arm Cortex-M0,5.38,5.38,170,1
472,M451MSD3AE,,http://direct.nuvoton.com/img/p/6/2/9/629.jpg,Arm Cortex-M4,1.744,1.74,0,1
1084,NuMaker- M091YD,NK-M091YD,http://direct.nuvoton.com/img/p/1/5/5/1/1551.jpg,首頁,35,35,13,1
198,N79E715AT20,,http://direct.nuvoton.com/img/p/2/7/5/275.jpg,8bit 8051 MCUs,0.66,0.66,241,1
613,[學會使用 NuMicro 微控制器] 3. Watchdog,,http://direct.nuvoton.com/img/p/9/1/3/913.jpg,Training Video,9.9,9.9,98,0
415,M481ZIDAE,,http://direct.nuvoton.com/img/p/5/3/0/530.jpg,Arm Cortex-M4,2.4,2.4,490,1
127,NuTiny-Nano120K,NT-Nano120K,http://direct.nuvoton.com/img/p/1/4/5/145.jpg,Tool,20,20,0,1
756,M252KE3AE,,http://direct.nuvoton.com/img/p/1/1/5/0/1150.jpg,首頁,2,2,489,1
345,NC-ISD17150,,http://direct.nuvoton.com/img/p/4/1/5/415.jpg,首頁,14,14,24,1
863,M471VI8AE,,http://direct.nuvoton.com/img/p/1/2/8/7/1287.jpg,M471 Series,3.52,3.52,85,1
71,NUC140VE3CN,,http://direct.nuvoton.com/img/p/8/9/89.jpg,Arm Cortex-M0,5.93,5.93,129,0
683,M031BTYD2AN,,http://direct.nuvoton.com/img/p/1/0/6/9/1069.jpg,Arm Cortex-M0,2.6,2.6,380,0
285,NUC200SC2AN,,http://direct.nuvoton.com/img/p/3/5/5/355.jpg,Arm Cortex-M0,2.3,2.3,248,0
483,NuMaker-M031TB,NK-M031TB,http://direct.nuvoton.com/img/p/6/6/0/660.jpg,首頁,20,20,18,1
1137,NuMaker-IoT-MA35D0-A1,NK-IMA35D0A1,http://direct.nuvoton.com/img/p/1/5/7/3/1573.jpg,MA35D0 Series,119,119,19,1
206,M453LG6AE,,http://direct.nuvoton.com/img/p/2/1/9/219.jpg,Arm Cortex-M4,2.576,2.58,55,1
621,NuMaker-Thermostat-N9H20,NK-TCN9H20,http://direct.nuvoton.com/img/p/9/2/5/925.jpg,首頁,59.9,59.9,0,0
423,M485SIDAE,,http://direct.nuvoton.com/img/p/5/4/6/546.jpg,Arm Cortex-M4,3.312,3.31,395,1
1024,M463SGCAE,M463SGCAE,http://direct.nuvoton.com/img/p/1/4/7/2/1472.jpg,M463 CAN FD/USB HS Series,2.8,2.8,234,1
135,NuTiny-N76E616,NT-N76E616,http://direct.nuvoton.com/img/p/2/0/4/204.jpg,Tool,25,25,11,1
555,MS51FB9AE  (x1000 Bundle),,http://direct.nuvoton.com/img/p/1/0/4/8/1048.jpg,NuMicro® Family,552,552,0,0
764,M252ZD2AE,,http://direct.nuvoton.com/img/p/1/1/5/8/1158.jpg,首頁,1.375,1.38,795,1
354,NT-ISD1964,,http://direct.nuvoton.com/img/p/4/2/1/421.jpg,首頁,19,19,0,0
874,M254QE3AE,,http://direct.nuvoton.com/img/p/1/3/0/7/1307.jpg,首頁,2.73,2.73,0,0
79,NUC220SE3AN,,http://direct.nuvoton.com/img/p/9/8/98.jpg,Arm Cortex-M0,2.6,2.6,251,1
293,NUC220LD2AN,,http://direct.nuvoton.com/img/p/3/6/1/361.jpg,Arm Cortex-M0,2.48,2.48,0,0
491,NuMaker-M031SD,NK-M031SD,http://direct.nuvoton.com/img/p/6/5/4/654.jpg,首頁,20,20,16,1
814,KFC4B21210L(T),,http://direct.nuvoton.com/img/p/1/5/3/3/1533.jpg,MOSFET,1.19,1.19,200,1
22,M451RG6AE,,http://direct.nuvoton.com/img/p/3/9/39.jpg,Arm Cortex-M4,2.544,2.54,250,1
1161,KE-KA44370A,KE-KA44370A,http://direct.nuvoton.com/img/p/1/6/0/0/1600.jpg,Motor Driver,117,117,5,1
214,N76E003AT20,,http://direct.nuvoton.com/img/p/2/6/4/264.jpg,8bit 8051 MCUs,0.3,0.3,8100,1
629,NAU83G10VG,,http://direct.nuvoton.com/img/p/9/4/6/946.jpg,Audio,2.24,2.24,250,0
431,M484SIDAE,,http://direct.nuvoton.com/img/p/5/6/0/560.jpg,Arm Cortex-M4,2.944,2.94,323,1
817,KFC4B21330L(T),,http://direct.nuvoton.com/img/p/1/2/0/8/1208.jpg,MOSFET,0.44,0.44,200,1
26,M451RD3AE,,http://direct.nuvoton.com/img/p/4/2/42.jpg,Arm Cortex-M4,2.032,2.03,205,1
1164,NuMaker-M2003FC,NK-M2003FC,http://direct.nuvoton.com/img/p/1/6/1/7/1617.jpg,M2003 Series,20,20,20,1
217,M452RE6AE,,http://direct.nuvoton.com/img/p/2/5/2/252.jpg,Arm Cortex-M4,2.448,2.45,0,1
632,MS51TC0AE,,http://direct.nuvoton.com/img/p/9/3/9/939.jpg,NuMicro® Family,0.84,0.84,416,1
434,M052ZBN,,http://direct.nuvoton.com/img/p/5/7/7/577.jpg,Arm Cortex-M0,1.36,1.36,0,0
1040,NuTiny-N76S003AT,NT-N76S003AT,http://direct.nuvoton.com/img/p/1/4/8/2/1482.jpg,Development Board,25,25,21,1
152,M0516LDE,,http://direct.nuvoton.com/img/p/1/8/2/182.jpg,Arm Cortex-M0,2.025,2.03,372,1
567,N9H20K11N,,http://direct.nuvoton.com/img/p/8/4/2/842.jpg,首頁,3.68,3.68,104,1
367,NUC977DK62Y,,http://direct.nuvoton.com/img/p/4/3/3/433.jpg,Arm Cortex-M4,10.928,10.93,90,1
885,M254MD2AE,,http://direct.nuvoton.com/img/p/1/5/1/8/1518.jpg,Arm Cortex-M23,1.75,1.75,404,1
90,NANO110SD2BN,,http://direct.nuvoton.com/img/p/1/1/0/110.jpg,Arm Cortex-M0,2.6,2.6,250,1
718,M032KIAAE,,http://direct.nuvoton.com/img/p/1/1/1/6/1116.jpg,首頁,4.325,4.33,499,1
306,NANO120LD2BN,,http://direct.nuvoton.com/img/p/3/7/4/374.jpg,Arm Cortex-M0,2.3,2.3,250,1
503,ML51UB9AE,,http://direct.nuvoton.com/img/p/7/1/1/711.jpg,首頁,1.23,1.23,395,1
825,KA44169ABVB(T),,http://direct.nuvoton.com/img/p/1/2/1/6/1216.jpg,Analog ICs,0.62,0.62,1485,1
34,M453RE6AE,,http://direct.nuvoton.com/img/p/5/0/50.jpg,Arm Cortex-M4,2.544,2.54,90,1
1186,M485YIDAE,M485YIDAE,http://direct.nuvoton.com/img/p/1/6/3/5/1635.jpg,Arm Cortex-M4,3.14,3.14,440,1
228,M058ZDN,,http://direct.nuvoton.com/img/p/2/8/3/283.jpg,Arm Cortex-M0,1.68,1.68,440,1
640,NAU83P20YGB,,http://direct.nuvoton.com/img/p/9/5/6/956.jpg,首頁,1.31,1.31,40,1
442,M487SIDAE,,http://direct.nuvoton.com/img/p/5/7/9/579.jpg,Arm Cortex-M4,3.408,3.41,0,1
1048,KFC4B21280L(T),KFC4B21280LE,http://direct.nuvoton.com/img/p/1/4/9/1/1491.jpg,MOSFET,0.233,0.23,960,1
167,MINI54FDE,,http://direct.nuvoton.com/img/p/1/9/8/198.jpg,Arm Cortex-M0,1.1,1.1,495,1
576,NuMaker-MS51PC,NK-MS51PC,http://direct.nuvoton.com/img/p/8/5/9/859.jpg,首頁,30,30,10,1
787,M481ZGCAE,,http://direct.nuvoton.com/img/p/1/1/6/7/1167.jpg,首頁,2.032,2.03,365,1
377,Education Kit of NUC200 Series,NE-NUC240V,http://direct.nuvoton.com/img/p/4/6/7/467.jpg,NuMaker Kit,47,47,0,1
893,M032SIAAE,,http://direct.nuvoton.com/img/p/1/3/6/4/1364.jpg,Arm Cortex-M0,3.63,3.63,247,1
98,W78E054DPG,,http://direct.nuvoton.com/img/p/1/1/8/118.jpg,8bit 8051 MCUs,1.89,1.89,0,0
314,NUC240LD2AE,,http://direct.nuvoton.com/img/p/3/8/2/382.jpg,Arm Cortex-M0,3.45,3.45,450,1
511,NUC029SEE-TEST,,http://direct.nuvoton.com/img/p/7/2/6/726.jpg,Arm Cortex-M0,1.75,1.75,100,0
833,KM63Y1212-E1(T),,http://direct.nuvoton.com/img/p/1/2/2/4/1224.jpg,Communication & Interface LSIs,0.63,0.63,1000,0
42,MINI51ZDE,,http://direct.nuvoton.com/img/p/1/6/2/162.jpg,Arm Cortex-M0,1.175,1.18,470,0
237,NANO130KE3BN,,http://direct.nuvoton.com/img/p/2/9/5/295.jpg,Arm Cortex-M0,3.45,3.45,305,1
649,ISD91260CRI,I91260CRI,http://direct.nuvoton.com/img/p/9/7/0/970.jpg,首頁,2.53,2.53,215,1
451,NUC029LDE,,http://direct.nuvoton.com/img/p/5/8/8/588.jpg,Arm Cortex-M0,2.025,2.03,175,1
1057,KFCAB22900L(T),KFCAB22900LE,http://direct.nuvoton.com/img/p/1/5/0/2/1502.jpg,MOSFET,1.321,1.32,883,1
176,NUC472VG8AE,,http://direct.nuvoton.com/img/p/2/2/9/229.jpg,Arm Cortex-M4,6.45,6.45,0,0
586,M031LG8AE,,http://direct.nuvoton.com/img/p/8/7/4/874.jpg,Arm Cortex-M0,2.98,2.98,296,1
795,M483KGCAE,,http://direct.nuvoton.com/img/p/1/1/7/5/1175.jpg,首頁,2.672,2.67,225,1
387,NUC122ZD2AN,,http://direct.nuvoton.com/img/p/4/7/2/472.jpg,Arm Cortex-M0,2.55,2.55,0,1
951,M0A23EC1ACU,M0A23EC1ACU,http://direct.nuvoton.com/img/p/1/4/2/3/1423.jpg,M0A23 Series,2,2,0,1
106,N76E885AT28,,http://direct.nuvoton.com/img/p/1/2/6/126.jpg,8bit 8051 MCUs,0.99,0.99,299,1
735,M0A21EB1AC,,http://direct.nuvoton.com/img/p/1/1/3/1/1131.jpg,首頁,1.375,1.38,9,1
322,NUC121SC2AE,,http://direct.nuvoton.com/img/p/3/9/0/390.jpg,Arm Cortex-M0,1.85,1.85,225,1
521,M031LD2AE,,http://direct.nuvoton.com/img/p/7/4/2/742.jpg,Arm Cortex-M0,0.9,0.9,23,1
841,NuMaker-M032BTAI,NK-M032BTAI,http://direct.nuvoton.com/img/p/1/2/3/9/1239.jpg,NuMicro® Family,45,45,13,1
50,M0516ZDN,,http://direct.nuvoton.com/img/p/6/6/66.jpg,Arm Cortex-M0,1.8,1.8,476,1
1209,M2L31KIDAE,M2L31KIDAE,http://direct.nuvoton.com/img/p/1/6/5/6/1656.jpg,Arm Cortex-M23,4,4,90,1
247,NUC100LD2DN,,http://direct.nuvoton.com/img/p/3/1/0/310.jpg,Arm Cortex-M0,3.78,3.78,500,1
657,NuMaker-M487KM,NK-M487KM,http://direct.nuvoton.com/img/p/9/9/2/992.jpg,首頁,39.99,39.99,0,1
459,M4521LE6AE,,http://direct.nuvoton.com/img/p/6/0/4/604.jpg,Arm Cortex-M4,1.936,1.94,42,1
1065,KFCAB21490L(T),KFCAB21490LE,http://direct.nuvoton.com/img/p/1/4/9/5/1495.jpg,MOSFET,0.391,0.39,950,1
184,NUC442VG8AE,,http://direct.nuvoton.com/img/p/2/3/7/237.jpg,Arm Cortex-M4,7.41,7.41,0,0
595,M032KG6AE,,http://direct.nuvoton.com/img/p/8/9/1/891.jpg,Arm Cortex-M0,2.98,2.98,445,1
398,NuMaker-PFM-M487,NK-BEDM487,http://direct.nuvoton.com/img/p/5/1/7/517.jpg,M487 Ethernet Series,50,50,16,1
972,NuTiny-NM1240,NT-NM1240,http://direct.nuvoton.com/img/p/1/4/4/0/1440.jpg,Tool,25,25,5,1
114,NuTiny-M058SF,NT-M058SF,http://direct.nuvoton.com/img/p/1/3/4/134.jpg,Tool,20,20,21,1
528,NuMaker-M263KI,NK-M263KI,http://direct.nuvoton.com/img/p/7/5/7/757.jpg,首頁,20,20,0,1
331,NT-ISD2360Q,,http://direct.nuvoton.com/img/p/4/0/9/409.jpg,首頁,14,14,14,1
849,NUC977DK63YC,,http://direct.nuvoton.com/img/p/1/2/5/8/1258.jpg,MPU,7.36,7.36,80,1
58,NUC100LC1DN,,http://direct.nuvoton.com/img/p/7/4/74.jpg,Arm Cortex-M0,2.525,2.53,250,1
256,M054LDE,,http://direct.nuvoton.com/img/p/3/2/5/325.jpg,Arm Cortex-M0,1.675,1.68,345,1
670,NuTiny-SDK-MINI57E,NT-MINI57E,http://direct.nuvoton.com/img/p/1/0/3/5/1035.jpg,Tool,20,20,16,1
271,MINI58TDE,,http://direct.nuvoton.com/img/p/3/4/1/341.jpg,Arm Cortex-M0,1.525,1.53,490,1
467,NuTiny-NUC029SDE,NT-NUC029SD,http://direct.nuvoton.com/img/p/6/7/6/676.jpg,首頁,20,20,0,1
1075,NUC1263ZD4CE,NUC1263ZD4CE,http://direct.nuvoton.com/img/p/1/5/2/9/1529.jpg,NUC1263 Series,2.75,2.75,245,1
192,NUC442KG8AE,,http://direct.nuvoton.com/img/p/2/4/0/240.jpg,Arm Cortex-M4,9.2,9.2,75,1
608,M483SGCAE,,http://direct.nuvoton.com/img/p/1/5/1/4/1514.jpg,M483 CAN Series,2.48,2.48,223,1
408,NuTiny-NUC029F,NT-NUC029F,http://direct.nuvoton.com/img/p/5/1/4/514.jpg,首頁,20,20,20,1
1001,MUG51TB9AE,MUG51TB9AE,http://direct.nuvoton.com/img/p/1/4/5/0/1450.jpg,Low Power MUG51 Series,1.5,1.5,434,1
122,NuTiny-NUC131S,NT-NUC131S,http://direct.nuvoton.com/img/p/1/4/2/142.jpg,Tool,20,20,1,1
536,M262SIAAE,,http://direct.nuvoton.com/img/p/7/7/1/771.jpg,首頁,4.025,4.03,246,1
751,M251SE3AE,,http://direct.nuvoton.com/img/p/1/1/4/5/1145.jpg,首頁,1.75,1.75,288,1
339,NM-ISD3900,,http://direct.nuvoton.com/img/p/4/1/2/412.jpg,首頁,55,55,0,1
858,NuMaker-M471R1,NK-M471R1,http://direct.nuvoton.com/img/p/1/2/7/7/1277.jpg,M471 Series,25.99,25.99,15,1
66,NUC130LC1CN,,http://direct.nuvoton.com/img/p/8/2/82.jpg,Arm Cortex-M0,4.35,4.35,159,0
264,M0519SD3AE,,http://direct.nuvoton.com/img/p/3/3/3/333.jpg,Arm Cortex-M0,2.725,2.73,532,1
678,NM-N83G10SA,,http://direct.nuvoton.com/img/p/1/0/5/7/1057.jpg,首頁,599,599,1,1
279,NANO100SC2BN,,http://direct.nuvoton.com/img/p/3/4/9/349.jpg,Arm Cortex-M0,2.15,2.15,725,0
475,NuMaker-emWin-RDK-N9H20,RDK-N9H20,http://direct.nuvoton.com/img/p/6/9/1/691.jpg,NuMaker Kit,79,79,0,0
1128,NuMaker- M433SE,NK-M433SE,http://direct.nuvoton.com/img/p/1/5/6/1/1561.jpg,NuMaker Board,25,25,17,1
201,NuTiny-NUC240V,NT-NUC240V,http://direct.nuvoton.com/img/p/1/0/6/8/1068.jpg,Tool,20,20,0,1
616,[學會使用 NuMicro 微控制器] 6: UART,,http://direct.nuvoton.com/img/p/9/1/6/916.jpg,Training Video,9.9,9.9,98,0
418,M482ZIDAE,,http://direct.nuvoton.com/img/p/5/3/6/536.jpg,Arm Cortex-M4,2.576,2.58,604,1
1017,MG51XC9AE,MG51XC9AE,http://direct.nuvoton.com/img/p/1/4/6/5/1465.jpg,8bit 8051 MCUs,0.621,0.62,0,1
130,NuTiny-Nano112V,NT-Nano112V,http://direct.nuvoton.com/img/p/1/4/8/148.jpg,Tool,25,25,0,1
759,M252LE3AE,,http://direct.nuvoton.com/img/p/1/1/5/3/1153.jpg,首頁,1.625,1.63,250,1
349,ISD1730SYI,I1730SYI,http://direct.nuvoton.com/img/p/4/1/6/416.jpg,首頁,5.26,5.26,0,1
869,NuMaker -M253LE,NK-M253LE,http://direct.nuvoton.com/img/p/1/3/2/6/1326.jpg,NuMicro® Family,25,25,4,1
74,NUC200LD2AN,,http://direct.nuvoton.com/img/p/9/2/92.jpg,Arm Cortex-M0,2.15,2.15,0,1
686,NuMaker-NUC131U,NK-NUC131U,http://direct.nuvoton.com/img/p/1/0/7/7/1077.jpg,NuMicro® Family,35,35,13,1
288,NANO110KE3BN,,http://direct.nuvoton.com/img/p/3/5/7/357.jpg,Arm Cortex-M0,3.45,3.45,105,1
486,NuTiny-MS51FB,NT-MS51FB,http://direct.nuvoton.com/img/p/6/6/6/666.jpg,首頁,20,20,10,1
809,M481SGCAE2A,,http://direct.nuvoton.com/img/p/1/1/9/3/1193.jpg,首頁,2.4,2.4,899,1
11,MM058SLAN(Q),,http://direct.nuvoton.com/img/p/2/6/26.jpg,NuMicro® Family,400,400,1885,0
1155,NuMaker- M2L31KI,NK-M2L31KI,http://direct.nuvoton.com/img/p/1/5/8/6/1586.jpg,M2L31 Series,36,36,21,1
209,W77L058A25FL,,http://direct.nuvoton.com/img/p/2/2/7/227.jpg,8bit 8051 MCUs,4.95,4.95,0,0
624,NuMaker-M031SD+[學會使用 NuMicro 微控制器] 全系列課程限量特惠,NK-M031SD + Level 1 Workshop,http://direct.nuvoton.com/img/p/9/2/1/921.jpg,首頁,31.9,31.9,10,0
426,NuMaker-HMI-M487,NK-BEDM487D,http://direct.nuvoton.com/img/p/5/6/4/564.jpg,NuMaker Kit,90,90,0,1
1032,KE-KA44168A,KE-KA44168A,http://direct.nuvoton.com/img/p/1/4/7/4/1474.jpg,1-Phase Brushless DC KA44 Series,90,90,5,1
138,NuTiny-N79E85J,NT-N79E85J,http://direct.nuvoton.com/img/p/1/5/6/156.jpg,Tool,25,25,0,0
558,Quectel-EC21A,RF-EC21A,http://direct.nuvoton.com/img/p/8/0/8/808.jpg,首頁,54.6,54.6,13,1
767,M2354KJFAE,,http://direct.nuvoton.com/img/p/1/1/6/1/1161.jpg,首頁,5.1,5.1,442,1
357,NAU82011WG,,http://direct.nuvoton.com/img/p/4/2/5/425.jpg,首頁,0.52,0.52,0,0
877,M254KG6AE,,http://direct.nuvoton.com/img/p/1/3/2/8/1328.jpg,Arm Cortex-M23,3,3,179,1
82,NUC240LE3AE,,http://direct.nuvoton.com/img/p/1/0/1/101.jpg,Arm Cortex-M0,3.75,3.75,250,1
708,ML54SD1AE,,http://direct.nuvoton.com/img/p/1/0/9/3/1093.jpg,首頁,1.8,1.8,117,1
298,NANO112RC2AN,,http://direct.nuvoton.com/img/p/3/6/6/366.jpg,Arm Cortex-M0,2.45,2.45,132,1
1020,NuMaker-IIoT-NUC980G2D,NK-980IOTG2D,http://direct.nuvoton.com/img/p/1/4/6/9/1469.jpg,NUC980 Industrial control IoT series,99,99,15,1
1159,NuMaker-HMI-MA35H0-A2,NK-HMA35H0A2,http://direct.nuvoton.com/img/p/1/5/9/6/1596.jpg,MA35H0 Series,209,209,13,1
1002,NuMaker-IIoT-NUC980G2,NK-980IOTG2,http://direct.nuvoton.com/img/p/1/4/5/3/1453.jpg,NUC980 Industrial control IoT series,89,89,17,1
674,NuMaker-HMI-M032,NK-M032,http://direct.nuvoton.com/img/p/1/0/7/4/1074.jpg,NuMicro® Family,59,59,18,1
548,NuTiny-MS51DA,NT-MS51DA,http://direct.nuvoton.com/img/p/7/9/6/796.jpg,首頁,25,25,9,1
691,NuMaker-M2354,NK-BEDM2354,http://direct.nuvoton.com/img/p/1/0/8/5/1085.jpg,NuMicro® Family,77,77,12,1
811,NuMaker-M258KE,NK-M258KE,http://direct.nuvoton.com/img/p/1/2/0/2/1202.jpg,NuMicro® Family,45,45,30,1
560,NuMaker-IoT-M263A,NK-IoT-M263A,http://direct.nuvoton.com/img/p/8/2/1/821.jpg,NuMicro® Family,100,100,17,1
546,NuMaker-M483KG,NK-M483KG,http://direct.nuvoton.com/img/p/7/8/9/789.jpg,首頁,24.99,24.99,16,1